ts,rate
1690185600000,0.0001000000
1690214400000,-0.0006460000
1690243200000,0.0001000000
1690272000000,-0.0001574100
1690300800000,0.0001000000
1690329600000,0.0001000000
1690358400000,-0.0003754700
1690387200000,0.0000331700
1690416000000,0.0001000000
1690444800000,0.0001000000
1690473600000,0.0001000000
1690502400000,0.0001000000
1690531200000,0.0001000000
1690560000000,0.0001000000
1690588800000,0.0001000000
1690617600000,0.0001000000
1690646400000,0.0001000000
1690675200000,0.0001000000
1690704000000,-0.0000114200
1690732800000,0.0001000000
1690761600000,0.0001000000
1690790400000,0.0001000000
1690819200000,0.0001000000
1690848000000,0.0001000000
1690876800000,0.0001000000
1690905600000,0.0001000000
1690934400000,0.0001000000
1690963200000,0.0001000000
1690992000000,-0.0002142300
1691020800000,0.0000800000
1691049600000,0.0001000000
1691078400000,0.0001000000
1691107200000,0.0001000000
1691136000000,0.0001000000
1691164800000,0.0001000000
1691193600000,0.0001000000
1691222400000,0.0001000000
1691251200000,0.0001000000
1691280000000,0.0001000000
1691308800000,0.0001000000
1691337600000,0.0001000000
1691366400000,0.0001000000
1691395200000,0.0001000000
1691424000000,0.0001000000
1691452800000,0.0001000000
1691481600000,0.0001000000
1691510400000,0.0001000000
1691539200000,0.0001000000
1691568000000,0.0001000000
1691596800000,0.0001000000
1691625600000,0.0001000000
1691654400000,0.0001000000
1691683200000,0.0001000000
1691712000000,0.0001000000
1691740800000,0.0001000000
1691769600000,0.0001000000
1691798400000,0.0001000000
1691827200000,0.0001000000
1691856000000,0.0001000000
1691884800000,0.0001000000
1691913600000,0.0001000000
1691942400000,0.0001000000
1691971200000,0.0001000000
1692000000000,0.0001000000
1692028800000,0.0001000000
1692057600000,0.0001000000
1692086400000,0.0001000000
1692115200000,0.0001000000
1692144000000,0.0001000000
1692172800000,0.0001000000
1692201600000,0.0001000000
1692230400000,0.0001000000
1692259200000,0.0001000000
1692288000000,0.0001000000
1692316800000,0.0001000000
1692345600000,0.0001000000
1692374400000,-0.0000146400
1692403200000,0.0001000000
1692432000000,0.0001000000
1692460800000,0.0000259600
1692489600000,-0.0000172000
1692518400000,-0.0000616100
1692547200000,-0.0000370700
1692576000000,-0.0000697200
1692604800000,-0.0000513000
1692633600000,0.0000767900
1692662400000,-0.0001087900
1692691200000,-0.0001213400
1692720000000,0.0000595000
1692748800000,0.0001000000
1692777600000,0.0001000000
1692806400000,0.0000479600
1692835200000,-0.0000232800
1692864000000,0.0000845000
1692892800000,0.0001000000
1692921600000,0.0000763600
1692950400000,0.0000359000
1692979200000,0.0001000000
1693008000000,0.0000204900
1693036800000,0.0000195300
1693065600000,0.0000188200
1693094400000,-0.0000982400
1693123200000,0.0001000000
1693152000000,0.0001000000
1693180800000,0.0001000000
1693209600000,0.0001000000
1693238400000,0.0001000000
1693267200000,0.0001000000
1693296000000,0.0001000000
1693324800000,-0.0000140300
1693353600000,0.0001000000
1693382400000,0.0001000000
1693411200000,0.0001000000
1693440000000,0.0001000000
1693468800000,0.0001000000
1693497600000,0.0000705300
1693526400000,0.0001000000
1693555200000,0.0001000000
1693584000000,0.0001000000
1693612800000,0.0001000000
1693641600000,0.0001000000
1693670400000,0.0001000000
1693699200000,0.0001000000
1693728000000,0.0001000000
1693756800000,0.0001000000
1693785600000,0.0001000000
1693814400000,0.0001000000
1693843200000,0.0001000000
1693872000000,0.0001000000
1693900800000,0.0000509600
1693929600000,0.0001000000
1693958400000,0.0000006700
1693987200000,0.0000383300
1694016000000,-0.0000959100
1694044800000,-0.0004407200
1694073600000,-0.0001858300
1694102400000,0.0001000000
1694131200000,0.0001000000
1694160000000,0.0001000000
1694188800000,0.0000673000
1694217600000,-0.0000413000
1694246400000,0.0000038900
1694275200000,-0.0000055100
1694304000000,0.0000023800
1694332800000,0.0000322800
1694361600000,0.0000476900
1694390400000,-0.0000477700
1694419200000,-0.0000846000
1694448000000,0.0000036100
1694476800000,-0.0000167700
1694505600000,-0.0002087300
1694534400000,-0.0002405400
1694563200000,-0.0001704900
1694592000000,0.0000339700
1694620800000,-0.0000490700
1694649600000,0.0001000000
1694678400000,-0.0001826300
1694707200000,0.0000723300
1694736000000,-0.0001518000
1694764800000,-0.0001252400
1694793600000,-0.0000871700
1694822400000,-0.0003393500
1694851200000,-0.0004640800
1694880000000,-0.0002575300
1694908800000,-0.0001486800
1694937600000,0.0000846000
1694966400000,-0.0001121800
1694995200000,-0.0002620800
1695024000000,-0.0001266500
1695052800000,-0.0003488800
1695081600000,-0.0000296200
1695110400000,0.0000381800
1695139200000,-0.0000131600
1695168000000,-0.0000561700
1695196800000,0.0000243200
1695225600000,-0.0002240500
1695254400000,-0.0001944100
1695283200000,-0.0000256800
1695312000000,-0.0001586100
1695340800000,-0.0001355700
1695369600000,-0.0000617900
1695398400000,-0.0001671800
1695427200000,-0.0000409000
1695456000000,-0.0001746900
1695484800000,-0.0000571200
1695513600000,-0.0002357000
1695542400000,-0.0000868500
1695571200000,-0.0002813000
1695600000000,-0.0002627300
1695628800000,-0.0001675900
1695657600000,-0.0002669100
1695686400000,-0.0004253300
1695715200000,-0.0002336000
1695744000000,-0.0002091800
1695772800000,-0.0002891300
1695801600000,-0.0002883800
1695830400000,-0.0003558200
1695859200000,-0.0003605700
1695888000000,-0.0002922000
1695916800000,-0.0002103000
1695945600000,-0.0003140900
1695974400000,-0.0003308700
1696003200000,-0.0003173900
1696032000000,-0.0003230800
1696060800000,-0.0002170100
1696089600000,-0.0001913500
1696118400000,-0.0002522500
1696147200000,-0.0002346900
1696176000000,-0.0002501400
1696204800000,-0.0001543800
1696233600000,-0.0001707700
1696262400000,-0.0004872600
1696291200000,-0.0003969200
1696320000000,-0.0003162100
1696348800000,-0.0002262800
1696377600000,-0.0001926500
1696406400000,-0.0000699800
1696435200000,-0.0003017400
1696464000000,-0.0001998800
1696492800000,-0.0002717800
1696521600000,-0.0002312500
1696550400000,-0.0002660000
1696579200000,-0.0002223600
1696608000000,-0.0001369900
1696636800000,-0.0002169100
1696665600000,-0.0002389500
1696694400000,-0.0000126900
1696723200000,-0.0002274800
1696752000000,-0.0000964100
1696780800000,-0.0001593800
1696809600000,-0.0002357400
1696838400000,-0.0001222500
1696867200000,-0.0001538400
1696896000000,-0.0002633800
1696924800000,-0.0002590200
1696953600000,-0.0002317800
1696982400000,-0.0000399800
1697011200000,-0.0000800300
1697040000000,-0.0000257200
1697068800000,0.0000005500
1697097600000,-0.0001382700
1697126400000,-0.0001794300
1697155200000,-0.0001366400
1697184000000,-0.0002717800
1697212800000,-0.0001344200
1697241600000,-0.0003221200
1697270400000,-0.0003526000
1697299200000,-0.0001821800
1697328000000,-0.0001214100
1697356800000,-0.0003352400
1697385600000,0.0000047100
1697414400000,-0.0000219100
1697443200000,-0.0000730900
1697472000000,-0.0002743500
1697500800000,-0.0000995400
1697529600000,-0.0002075600
1697558400000,-0.0002429800
1697587200000,-0.0000599700
1697616000000,-0.0001557200
1697644800000,-0.0001540400
1697673600000,-0.0000053800
1697702400000,0.0000006700
1697731200000,-0.0000319600
1697760000000,-0.0001512900
1697788800000,-0.0000853500
1697817600000,-0.0000575100
1697846400000,0.0000602800
1697875200000,0.0000238900
1697904000000,0.0000786800
1697932800000,0.0000608900
1697961600000,0.0000008000
1697990400000,-0.0000247100
1698019200000,0.0001000000
1698048000000,0.0000909800
1698076800000,0.0000320700
1698105600000,0.0001000000
1698134400000,0.0001000000
1698163200000,0.0001000000
1698192000000,0.0001000000
1698220800000,0.0001000000
1698249600000,0.0001000000
1698278400000,0.0001000000
1698307200000,0.0001000000
1698336000000,0.0001000000
1698364800000,0.0001000000
1698393600000,0.0001000000
1698422400000,0.0001000000
1698451200000,0.0001000000
1698480000000,0.0001000000
1698508800000,0.0001000000
1698537600000,0.0001000000
1698566400000,0.0001000000
1698595200000,0.0001000000
1698624000000,0.0001000000
1698652800000,0.0001000000
1698681600000,0.0001000000
1698710400000,0.0001000000
1698739200000,0.0001000000
1698768000000,0.0001000000
1698796800000,0.0001000000
1698825600000,0.0001000000
1698854400000,0.0001000000
1698883200000,0.0001000000
1698912000000,0.0001000000
1698940800000,0.0001000000
1698969600000,0.0001000000
1698998400000,0.0001000000
1699027200000,0.0001000000
1699056000000,0.0001000000
1699084800000,0.0001000000
1699113600000,0.0001000000
1699142400000,0.0001000000
1699171200000,0.0001000000
1699200000000,0.0001000000
1699228800000,0.0001000000
1699257600000,0.0001000000
1699286400000,0.0001000000
1699315200000,0.0001000000
1699344000000,0.0001000000
1699372800000,0.0001000000
1699401600000,0.0001000000
1699430400000,0.0001000000
1699459200000,0.0001000000
1699488000000,0.0001000000
1699516800000,0.0001000000
1699545600000,0.0001000000
1699574400000,0.0001000000
1699603200000,0.0001000000
1699632000000,0.0001000000
1699660800000,0.0001000000
1699689600000,0.0001000000
1699718400000,0.0001000000
1699747200000,0.0001000000
1699776000000,0.0001000000
1699804800000,0.0001000000
1699833600000,0.0001000000
1699862400000,0.0001000000
1699891200000,0.0001000000
1699920000000,0.0001243800
1699948800000,0.0001000000
1699977600000,0.0001000000
1700006400000,0.0001000000
1700035200000,0.0001000000
1700064000000,0.0001000000
1700092800000,0.0001000000
1700121600000,0.0001000000
1700150400000,0.0001000000
1700179200000,0.0001000000
1700208000000,0.0001000000
1700236800000,0.0001000000
1700265600000,0.0001000000
1700294400000,0.0001000000
1700323200000,0.0001000000
1700352000000,0.0001000000
1700380800000,0.0001000000
1700409600000,0.0001000000
1700438400000,0.0001000000
1700467200000,0.0001000000
1700496000000,0.0001000000
1700524800000,0.0001000000
1700553600000,0.0001000000
1700582400000,0.0001000000
1700611200000,0.0001000000
1700640000000,0.0001000000
1700668800000,0.0001000000
1700697600000,0.0001000000
1700726400000,0.0001000000
1700755200000,0.0001000000
1700784000000,0.0001000000
1700812800000,0.0001000000
1700841600000,0.0001000000
1700870400000,0.0001000000
1700899200000,0.0001000000
1700928000000,0.0001000000
1700956800000,0.0001000000
1700985600000,0.0001103900
1701014400000,0.0001794300
1701043200000,0.0001000000
1701072000000,0.0001000000
1701100800000,0.0001000000
1701129600000,0.0001000000
1701158400000,0.0001000000
1701187200000,0.0001000000
1701216000000,0.0001000000
1701244800000,0.0001000000
1701273600000,0.0001000000
1701302400000,0.0001000000
1701331200000,0.0001000000
1701360000000,0.0001000000
1701388800000,0.0001000000
1701417600000,0.0001000000
1701446400000,0.0001000000
1701475200000,0.0001000000
1701504000000,0.0001000000
1701532800000,0.0001000000
1701561600000,0.0001000000
1701590400000,0.0001000000
1701619200000,0.0001000000
1701648000000,0.0001000000
1701676800000,0.0001547100
1701705600000,0.0001000000
1701734400000,0.0001000000
1701763200000,0.0001000000
1701792000000,0.0001000000
1701820800000,0.0001967600
1701849600000,0.0001000000
1701878400000,0.0001000000
1701907200000,0.0001000000
1701936000000,0.0001000000
1701964800000,0.0001000000
1701993600000,0.0002343500
1702022400000,0.0002398900
1702051200000,0.0002523100
1702080000000,0.0001000000
1702108800000,0.0003970400
1702137600000,0.0001040800
1702166400000,0.0002638600
1702195200000,0.0004110900
1702224000000,0.0003184900
1702252800000,0.0004932500
1702281600000,0.0001491900
1702310400000,0.0001000000
1702339200000,0.0001000000
1702368000000,0.0003206200
1702396800000,0.0002976300
1702425600000,0.0004471500
1702454400000,0.0001689600
1702483200000,0.0001294500
1702512000000,0.0004757300
1702540800000,0.0004143300
1702569600000,0.0003246100
1702598400000,0.0004581000
1702627200000,0.0006680600
1702656000000,0.0007880600
1702684800000,0.0003465700
1702713600000,0.0004479000
1702742400000,0.0006016200
1702771200000,0.0003389600
1702800000000,0.0004324900
1702828800000,0.0003212800
1702857600000,0.0003696100
1702886400000,0.0001195600
1702915200000,0.0001470100
1702944000000,0.0004520800
1702972800000,0.0004970800
1703001600000,0.0003987500
1703030400000,0.0002743100
1703059200000,0.0001428900
1703088000000,0.0002104100
1703116800000,0.0003590300
1703145600000,0.0002669000
1703174400000,0.0005110100
1703203200000,0.0006490200
1703232000000,0.0006721600
1703260800000,0.0005876600
1703289600000,0.0007559000
1703318400000,0.0002957900
1703347200000,0.0003397000
1703376000000,0.0007247800
1703404800000,0.0004947100
1703433600000,0.0007227300
1703462400000,0.0005467400
1703491200000,0.0005201300
1703520000000,0.0007129700
1703548800000,0.0007759300
1703577600000,0.0005338200
1703606400000,0.0004583100
1703635200000,0.0003250000
1703664000000,0.0002332100
1703692800000,0.0002761300
1703721600000,0.0007949800
1703750400000,0.0004761700
1703779200000,0.0005662700
1703808000000,0.0005973500
1703836800000,0.0005908200
1703865600000,0.0006646400
1703894400000,0.0005971900
1703923200000,0.0005658800
1703952000000,0.0003702800
1703980800000,0.0006073000
1704009600000,0.0004231000
1704038400000,0.0006240300
1704067200000,0.0007611100
1704096000000,0.0005423800
1704124800000,0.0009479200
1704153600000,0.0008536800
1704182400000,0.0008536400
1704211200000,0.0009640500
1704240000000,0.0005492900
1704268800000,0.0007810600
1704297600000,0.0001000000
1704326400000,0.0001000000
1704355200000,0.0001000000
1704384000000,0.0001000000
1704412800000,0.0001000000
1704441600000,0.0001000000
1704470400000,0.0001000000
1704499200000,0.0001000000
1704528000000,0.0001000000
1704556800000,0.0001000000
1704585600000,0.0001000000
1704614400000,0.0001000000
1704643200000,0.0001000000
1704672000000,0.0001000000
1704700800000,0.0001000000
1704729600000,0.0001000000
1704758400000,0.0001000000
1704787200000,0.0001000000
1704816000000,0.0001000000
1704844800000,0.0001000000
1704873600000,0.0001000000
1704902400000,0.0001000000
1704931200000,0.0001000000
1704960000000,0.0001000000
1704988800000,0.0001000000
1705017600000,0.0001000000
1705046400000,0.0001000000
1705075200000,0.0001000000
1705104000000,0.0001000000
1705132800000,0.0001000000
1705161600000,0.0001000000
1705190400000,0.0001000000
1705219200000,0.0001000000
1705248000000,0.0001000000
1705276800000,0.0001000000
1705305600000,0.0001000000
1705334400000,0.0001000000
1705363200000,0.0001000000
1705392000000,0.0001000000
1705420800000,0.0001000000
1705449600000,0.0001000000
1705478400000,0.0001000000
1705507200000,0.0001000000
1705536000000,0.0001000000
1705564800000,0.0001000000
1705593600000,0.0001000000
1705622400000,0.0001000000
1705651200000,0.0001000000
1705680000000,0.0001000000
1705708800000,0.0001000000
1705737600000,0.0001000000
1705766400000,0.0001000000
1705795200000,0.0001000000
1705824000000,0.0001000000
1705852800000,0.0001000000
1705881600000,0.0001000000
1705910400000,0.0001000000
1705939200000,0.0001000000
1705968000000,0.0001000000
1705996800000,0.0001000000
1706025600000,0.0001000000
1706054400000,0.0001000000
1706083200000,0.0001000000
1706112000000,0.0001000000
1706140800000,0.0001000000
1706169600000,0.0001000000
1706198400000,0.0001000000
1706227200000,0.0001000000
1706256000000,0.0001000000
1706284800000,0.0001000000
1706313600000,0.0001000000
1706342400000,0.0001000000
1706371200000,0.0001000000
1706400000000,0.0001000000
1706428800000,0.0001000000
1706457600000,0.0001000000
1706486400000,0.0001000000
1706515200000,0.0001000000
1706544000000,0.0001000000
1706572800000,0.0001000000
1706601600000,0.0001000000
1706630400000,0.0001000000
1706659200000,0.0001000000
1706688000000,0.0001000000
1706716800000,0.0001000000
1706745600000,0.0001000000
1706774400000,0.0001000000
1706803200000,0.0001000000
1706832000000,0.0001000000
1706860800000,0.0001000000
1706889600000,0.0001000000
1706918400000,0.0001000000
1706947200000,0.0001000000
1706976000000,0.0001000000
1707004800000,0.0001000000
1707033600000,0.0001000000
1707062400000,0.0001000000
1707091200000,0.0001000000
1707120000000,0.0001000000
1707148800000,0.0001000000
1707177600000,0.0001000000
1707206400000,0.0001000000
1707235200000,0.0001000000
1707264000000,0.0001000000
1707292800000,0.0001000000
1707321600000,0.0001000000
1707350400000,0.0001000000
1707379200000,0.0001000000
1707408000000,0.0001000000
1707436800000,0.0001000000
1707465600000,0.0001000000
1707494400000,0.0001000000
1707523200000,0.0001000000
1707552000000,0.0001000000
1707580800000,0.0001000000
1707609600000,0.0001000000
1707638400000,0.0001000000
1707667200000,0.0001000000
1707696000000,0.0001000000
1707724800000,0.0001000000
1707753600000,0.0001000000
1707782400000,0.0001000000
1707811200000,0.0001000000
1707840000000,0.0001000000
1707868800000,0.0001000000
1707897600000,0.0001000000
1707926400000,0.0001000000
1707955200000,0.0001000000
1707984000000,0.0001091600
1708012800000,0.0001000000
1708041600000,0.0002346400
1708070400000,0.0004082600
1708099200000,0.0003253800
1708128000000,0.0002248800
1708156800000,0.0001000000
1708185600000,0.0001000000
1708214400000,0.0001000000
1708243200000,0.0001000000
1708272000000,0.0001000000
1708300800000,0.0002978700
1708329600000,0.0001000000
1708358400000,0.0001000000
1708387200000,0.0002288700
1708416000000,0.0003943000
1708444800000,0.0004325400
1708473600000,0.0002286600
1708502400000,0.0001000000
1708531200000,0.0001000000
1708560000000,0.0001000000
1708588800000,0.0001000000
1708617600000,0.0001000000
1708646400000,0.0001000000
1708675200000,0.0001000000
1708704000000,0.0001000000
1708732800000,0.0001000000
1708761600000,0.0001000000
1708790400000,0.0001000000
1708819200000,0.0001000000
1708848000000,0.0001059300
1708876800000,0.0002521900
1708905600000,0.0003870000
1708934400000,0.0003234400
1708963200000,0.0001000000
1708992000000,0.0001306200
1709020800000,0.0005236000
1709049600000,0.0003484700
1709078400000,0.0004318100
1709107200000,0.0002950200
1709136000000,0.0002139100
1709164800000,0.0002324100
1709193600000,0.0004202800
1709222400000,0.0006885900
1709251200000,0.0004581800
1709280000000,0.0005540400
1709308800000,0.0004721000
1709337600000,0.0008826800
1709366400000,0.0006873300
1709395200000,0.0006827600
1709424000000,0.0009460200
1709452800000,0.0009663300
1709481600000,0.0005035000
1709510400000,0.0005288600
1709539200000,0.0008823400
1709568000000,0.0006204600
1709596800000,0.0004816700
1709625600000,0.0012357500
1709654400000,0.0012842100
1709683200000,0.0001000000
1709712000000,0.0001000000
1709740800000,0.0002618800
1709769600000,0.0001000000
1709798400000,0.0002264800
1709827200000,0.0005721800
1709856000000,0.0005556300
1709884800000,0.0008158700
1709913600000,0.0008984600
1709942400000,0.0009849800
1709971200000,0.0013058100
1710000000000,0.0013284900
1710028800000,0.0010322900
1710057600000,0.0012171500
1710086400000,0.0008162000
1710115200000,0.0006828800
1710144000000,0.0007855000
1710172800000,0.0008396500
1710201600000,0.0011914800
1710230400000,0.0007485200
1710259200000,0.0007893500
1710288000000,0.0008150200
1710316800000,0.0009316500
1710345600000,0.0007821300
1710374400000,0.0005942500
1710403200000,0.0009583700
1710432000000,0.0010233300
1710460800000,0.0007907300
1710489600000,0.0004329200
1710518400000,0.0003421500
1710547200000,0.0002479000
1710576000000,0.0002122200
1710604800000,0.0001000000
1710633600000,0.0001000000
1710662400000,0.0001414400
1710691200000,0.0001000000
1710720000000,0.0002696100
1710748800000,0.0001000000
1710777600000,0.0001253900
1710806400000,0.0001389300
1710835200000,0.0001000000
1710864000000,0.0001000000
1710892800000,0.0001000000
1710921600000,0.0001000000
1710950400000,0.0001000000
1710979200000,0.0001000000
1711008000000,0.0001000000
1711036800000,0.0001000000
1711065600000,0.0001000000
1711094400000,0.0001000000
1711123200000,0.0001000000
1711152000000,0.0001000000
1711180800000,0.0001000000
1711209600000,0.0001000000
1711238400000,0.0001000000
1711267200000,0.0001000000
1711296000000,0.0001000000
1711324800000,0.0001000000
1711353600000,0.0001000000
1711382400000,0.0001000000
1711411200000,0.0001000000
1711440000000,0.0001000000
1711468800000,0.0002221900
1711497600000,0.0003591100
1711526400000,0.0002347700
1711555200000,0.0001000000
1711584000000,0.0001290600
1711612800000,0.0001371700
1711641600000,0.0003128500
1711670400000,0.0004534200
1711699200000,0.0003592400
1711728000000,0.0004035900
1711756800000,0.0002055600
1711785600000,0.0004684700
1711814400000,0.0005932000
1711843200000,0.0005865200
1711872000000,0.0005817600
1711900800000,0.0006433500
1711929600000,0.0007744700
1711958400000,0.0002101500
1711987200000,0.0001000000
1712016000000,0.0002016800
1712044800000,0.0001000000
1712073600000,0.0001000000
1712102400000,0.0001000000
1712131200000,0.0001000000
1712160000000,0.0001683400
1712188800000,0.0001085900
1712217600000,0.0001357800
1712246400000,0.0001000000
1712275200000,0.0001000000
1712304000000,0.0001000000
1712332800000,0.0001000000
1712361600000,0.0002918800
1712390400000,0.0001000000
1712419200000,0.0001146900
1712448000000,0.0001532400
1712476800000,0.0002592500
1712505600000,0.0001867900
1712534400000,0.0003416000
1712563200000,0.0002653900
1712592000000,0.0004792400
1712620800000,0.0003442000
1712649600000,0.0001000000
1712678400000,0.0001000000
1712707200000,0.0001905500
1712736000000,0.0001000000
1712764800000,0.0001000000
1712793600000,0.0001000000
1712822400000,0.0001000000
1712851200000,0.0001000000
1712880000000,0.0001218100
1712908800000,0.0001323500
1712937600000,0.0001000000
1712966400000,0.0001000000
1712995200000,0.0001000000
1713024000000,0.0001000000
1713052800000,0.0001000000
1713081600000,0.0001000000
1713110400000,0.0001000000
1713139200000,0.0001000000
1713168000000,0.0001000000
1713196800000,0.0001000000
1713225600000,0.0001000000
1713254400000,0.0001000000
1713283200000,0.0001000000
1713312000000,0.0001000000
1713340800000,0.0001000000
1713369600000,0.0000321200
1713398400000,-0.0001317500
1713427200000,0.0000263600
1713456000000,-0.0000352100
1713484800000,0.0000606400
1713513600000,0.0000620400
1713542400000,0.0001000000
1713571200000,0.0000243200
1713600000000,-0.0000846400
1713628800000,-0.0000037300
1713657600000,-0.0000163800
1713686400000,-0.0000934900
1713715200000,0.0000612900
1713744000000,0.0000299800
1713772800000,0.0000378800
1713801600000,-0.0001419700
1713830400000,0.0000883100
1713859200000,-0.0000046000
1713888000000,-0.0000675300
1713916800000,-0.0000974500
1713945600000,-0.0000129500
1713974400000,0.0000498500
1714003200000,-0.0000596200
1714032000000,-0.0002669700
1714060800000,-0.0001630300
1714089600000,-0.0002372900
1714118400000,-0.0000914600
1714147200000,-0.0001205500
1714176000000,0.0001000000
1714204800000,0.0000370600
1714233600000,-0.0000919000
1714262400000,-0.0000535100
1714291200000,-0.0000860700
1714320000000,0.0000767000
1714348800000,0.0001000000
1714377600000,0.0000322300
1714406400000,0.0000077400
1714435200000,0.0000706500
1714464000000,-0.0001173100
1714492800000,0.0000629200
1714521600000,0.0000090500
1714550400000,0.0000256500
1714579200000,0.0000476000
1714608000000,0.0001000000
1714636800000,0.0001000000
1714665600000,0.0001000000
1714694400000,0.0001000000
1714723200000,0.0000052200
1714752000000,0.0000917800
1714780800000,0.0001000000
1714809600000,0.0001000000
1714838400000,0.0001000000
1714867200000,0.0001000000
1714896000000,0.0001000000
1714924800000,-0.0000029300
1714953600000,0.0001000000
1714982400000,0.0000164800
1715011200000,0.0000591900
1715040000000,0.0001000000
1715068800000,0.0000700200
1715097600000,-0.0000123200
1715126400000,-0.0001011300
1715155200000,0.0000202900
1715184000000,-0.0000063800
1715212800000,0.0001000000
1715241600000,-0.0002121700
1715270400000,-0.0000566800
1715299200000,-0.0001806400
1715328000000,-0.0001932500
1715356800000,-0.0000539100
1715385600000,-0.0002138200
1715414400000,-0.0001095800
1715443200000,0.0000619600
1715472000000,-0.0000530100
1715500800000,-0.0000431000
1715529600000,-0.0000008500
1715558400000,-0.0000598600
1715587200000,-0.0001261700
1715616000000,-0.0001374000
1715644800000,-0.0004567900
1715673600000,-0.0001714800
1715702400000,0.0000111200
1715731200000,-0.0003102500
1715760000000,-0.0001014700
1715788800000,-0.0001633600
1715817600000,-0.0000355200
1715846400000,0.0001000000
1715875200000,0.0000573500
1715904000000,-0.0000769100
1715932800000,-0.0001104500
1715961600000,0.0000772700
1715990400000,0.0001000000
1716019200000,0.0000419600
1716048000000,0.0001000000
1716076800000,0.0001000000
1716105600000,0.0001000000
1716134400000,-0.0000959500
1716163200000,0.0001000000
1716192000000,0.0001000000
1716220800000,0.0001000000
1716249600000,0.0001000000
1716278400000,0.0001000000
1716307200000,0.0001000000
1716336000000,0.0001000000
1716364800000,0.0001000000
1716393600000,0.0001000000
1716422400000,0.0001000000
1716451200000,0.0001000000
1716480000000,0.0001000000
1716508800000,0.0001000000
1716537600000,0.0001000000
1716566400000,0.0001000000
1716595200000,0.0001000000
1716624000000,0.0001000000
1716652800000,0.0001000000
1716681600000,0.0001946800
1716710400000,0.0001000000
1716739200000,0.0001000000
1716768000000,0.0001000000
1716796800000,0.0001000000
1716825600000,0.0001070400
1716854400000,0.0001368500
1716883200000,0.0001000000
1716912000000,0.0001000000
1716940800000,0.0002347400
1716969600000,0.0003031200
1716998400000,0.0001000000
1717027200000,0.0001000000
1717056000000,0.0001000000
1717084800000,0.0001000000
1717113600000,0.0001000000
1717142400000,0.0001000000
1717171200000,0.0001000000
1717200000000,0.0001000000
1717228800000,0.0001000000
1717257600000,0.0001000000
1717286400000,0.0001308500
1717315200000,0.0001000000
1717344000000,0.0001530000
1717372800000,0.0001000000
1717401600000,0.0001000000
1717430400000,0.0001096700
1717459200000,0.0001000000
1717488000000,0.0001000000
1717516800000,0.0001000000
1717545600000,0.0001153400
1717574400000,0.0001000000
1717603200000,0.0001000000
1717632000000,0.0001166300
1717660800000,0.0001000000
1717689600000,0.0001289000
1717718400000,0.0001000000
1717747200000,0.0001822100
1717776000000,0.0002421400
1717804800000,0.0001000000
1717833600000,0.0001000000
1717862400000,0.0001000000
1717891200000,0.0001000000
1717920000000,0.0001000000
1717948800000,0.0001000000
1717977600000,0.0001000000
1718006400000,0.0001000000
1718035200000,0.0001000000
1718064000000,0.0001000000
1718092800000,0.0001000000
1718121600000,0.0001000000
1718150400000,0.0001000000
1718179200000,0.0001000000
1718208000000,0.0001000000
1718236800000,0.0001000000
1718265600000,0.0001000000
1718294400000,0.0001000000
1718323200000,0.0001000000
1718352000000,0.0001000000
1718380800000,0.0001000000
1718409600000,0.0001000000
1718438400000,0.0001000000
1718467200000,0.0001000000
1718496000000,0.0001000000
1718524800000,0.0001000000
1718553600000,0.0001000000
1718582400000,0.0001000000
1718611200000,0.0001000000
1718640000000,0.0001000000
1718668800000,0.0001000000
1718697600000,0.0000782200
1718726400000,-0.0000697600
1718755200000,-0.0001205800
1718784000000,-0.0002027900
1718812800000,-0.0001597900
1718841600000,-0.0001510500
1718870400000,-0.0002859600
1718899200000,0.0000477200
1718928000000,0.0001000000
1718956800000,0.0001000000
1718985600000,0.0001000000
1719014400000,0.0001000000
1719043200000,0.0001000000
1719072000000,0.0001000000
1719100800000,0.0001000000
1719129600000,0.0001000000
1719158400000,0.0001000000
1719187200000,0.0001000000
1719216000000,0.0001000000
1719244800000,0.0001000000
1719273600000,0.0001000000
1719302400000,0.0001000000
1719331200000,0.0001000000
1719360000000,0.0001000000
1719388800000,0.0001000000
1719417600000,0.0001000000
1719446400000,0.0001000000
1719475200000,0.0001000000
1719504000000,0.0001000000
1719532800000,0.0001000000
1719561600000,0.0000964200
1719590400000,-0.0000246700
1719619200000,0.0001000000
1719648000000,0.0000488600
1719676800000,0.0000973900
1719705600000,0.0000501900
1719734400000,0.0000852300
1719763200000,0.0000201800
1719792000000,0.0001000000
1719820800000,0.0001000000
1719849600000,0.0001000000
1719878400000,0.0001000000
1719907200000,0.0001000000
1719936000000,0.0001000000
1719964800000,0.0001000000
1719993600000,0.0001000000
1720022400000,0.0001000000
1720051200000,0.0001000000
1720080000000,-0.0000053000
1720108800000,0.0001000000
1720137600000,0.0001000000
1720166400000,-0.0000727100
1720195200000,-0.0003654800
1720224000000,0.0000601600
1720252800000,0.0000729200
1720281600000,0.0000092200
1720310400000,0.0000637900
1720339200000,0.0000693200
1720368000000,0.0001000000
1720396800000,0.0000725300
1720425600000,0.0000828200
1720454400000,0.0000905800
1720483200000,0.0000784900
1720512000000,0.0000544700
1720540800000,0.0000578000
1720569600000,0.0001000000
1720598400000,0.0001000000
1720627200000,-0.0001103100
1720656000000,0.0000137700
1720684800000,-0.0000650700
1720713600000,-0.0001852000
1720742400000,-0.0008175200
1720771200000,-0.0002699600
1720800000000,-0.0003320900
1720828800000,-0.0000787600
1720857600000,-0.0001204300
1720886400000,-0.0000158000
1720915200000,0.0001000000
1720944000000,-0.0000365600
1720972800000,-0.0000257700
1721001600000,0.0001000000
1721030400000,-0.0004247000
1721059200000,-0.0001809600
1721088000000,-0.0002020200
1721116800000,0.0000767500
1721145600000,-0.0012742500
1721174400000,-0.0000793200
1721203200000,-0.0011293400
1721232000000,-0.0013869800
1721260800000,-0.0004681500
1721289600000,-0.0001395300
1721318400000,-0.0003287000
1721347200000,-0.0000083000
1721376000000,-0.0001087100
1721404800000,-0.0006232700
1721433600000,-0.0001815100
1721462400000,-0.0000224400
1721491200000,-0.0005411600
1721520000000,-0.0002316600
1721548800000,-0.0003785000
1721577600000,-0.0008321900
1721606400000,-0.0002334500
1721635200000,-0.0003214900
1721664000000,-0.0003505100
1721692800000,-0.0000212600
1721721600000,-0.0003069900
1721750400000,-0.0004104800
1721779200000,-0.0001747500
1721808000000,-0.0006962000
1721836800000,-0.0013016400
1721865600000,-0.0006649100
1721894400000,-0.0002226600
1721923200000,-0.0002412000
1721952000000,-0.0000751500
1721980800000,-0.0006183400
1722009600000,-0.0001999800
1722038400000,-0.0002211800
1722067200000,-0.0003701400
1722096000000,-0.0009292900
1722124800000,-0.0002935100
1722153600000,-0.0001302400
1722182400000,0.0000292400
1722211200000,0.0000546100
1722240000000,-0.0001341500
1722268800000,-0.0002618300
1722297600000,0.0000157600
1722326400000,0.0001000000
1722355200000,0.0000552200
1722384000000,0.0001000000
1722412800000,0.0000860100
1722441600000,0.0000376000
1722470400000,0.0000639500
1722499200000,-0.0001111200
1722528000000,-0.0001097100
1722556800000,-0.0001635900
1722585600000,0.0000025100
1722614400000,0.0000057100
1722643200000,0.0001000000
1722672000000,-0.0001526800
1722700800000,-0.0001787700
1722729600000,-0.0002516800
1722758400000,-0.0002639100
1722787200000,-0.0001530400
1722816000000,-0.0001481300
1722844800000,-0.0002920000
1722873600000,-0.0003906300
1722902400000,0.0000020800
1722931200000,-0.0002996000
1722960000000,-0.0002498400
1722988800000,-0.0003009700
1723017600000,-0.0001302200
1723046400000,-0.0002655900
1723075200000,0.0000434800
1723104000000,-0.0002966700
1723132800000,-0.0001463900
1723161600000,-0.0001769700
1723190400000,-0.0003138700
1723219200000,-0.0001862400
1723248000000,-0.0002702200
1723276800000,-0.0000660400
1723305600000,-0.0001516600
1723334400000,-0.0002667800
1723363200000,-0.0002019300
1723392000000,-0.0001973200
1723420800000,-0.0000390500
1723449600000,-0.0002988900
1723478400000,-0.0000092800
1723507200000,-0.0000692800
1723536000000,-0.0002003700
1723564800000,-0.0000712300
1723593600000,0.0001000000
1723622400000,-0.0001645000
1723651200000,-0.0000818900
1723680000000,0.0001000000
1723708800000,0.0000183700
1723737600000,-0.0002796800
1723766400000,-0.0007013000
1723795200000,-0.0004466100
1723824000000,-0.0004290700
1723852800000,-0.0002905900
1723881600000,-0.0002434000
1723910400000,-0.0003031400
1723939200000,0.0000429800
1723968000000,-0.0000975400
1723996800000,-0.0002104300
1724025600000,0.0000568700
1724054400000,-0.0003110700
1724083200000,-0.0003047500
1724112000000,0.0001000000
1724140800000,-0.0000204700
1724169600000,-0.0001101700
1724198400000,0.0000859400
1724227200000,-0.0001001300
1724256000000,-0.0001550700
1724284800000,0.0001000000
1724313600000,0.0001000000
1724342400000,0.0001000000
1724371200000,0.0001000000
1724400000000,0.0001000000
1724428800000,0.0001000000
1724457600000,0.0001000000
1724486400000,0.0001000000
1724515200000,0.0001000000
1724544000000,0.0001000000
1724572800000,0.0001000000
1724601600000,0.0001000000
1724630400000,0.0001000000
1724659200000,0.0001000000
1724688000000,0.0001000000
1724716800000,0.0000929600
1724745600000,0.0000896900
1724774400000,0.0001000000
1724803200000,-0.0001000000
1724832000000,-0.0002066900
1724860800000,0.0000674000
1724889600000,-0.0000707400
1724918400000,-0.0000398600
1724947200000,-0.0000578500
1724976000000,0.0000977400
1725004800000,0.0001000000
1725033600000,-0.0000800200
1725062400000,0.0001000000
1725091200000,0.0001000000
1725120000000,0.0001000000
1725148800000,0.0001000000
1725177600000,0.0000944000
1725206400000,0.0001000000
1725235200000,-0.0001034200
1725264000000,0.0000336700
1725292800000,0.0001000000
1725321600000,0.0001000000
1725350400000,-0.0001648400
1725379200000,-0.0000661300
1725408000000,0.0001000000
1725436800000,-0.0002789500
1725465600000,-0.0000641600
1725494400000,0.0001000000
1725523200000,0.0000328200
1725552000000,0.0001000000
1725580800000,0.0001000000
1725609600000,0.0001000000
1725638400000,0.0000761300
1725667200000,-0.0001831500
1725696000000,-0.0001842900
1725724800000,-0.0000814100
1725753600000,0.0000366600
1725782400000,0.0001000000
1725811200000,0.0001000000
1725840000000,0.0001000000
1725868800000,0.0001000000
1725897600000,0.0001000000
1725926400000,0.0001000000
1725955200000,0.0000902700
1725984000000,0.0001000000
1726012800000,0.0001000000
1726041600000,0.0001000000
1726070400000,0.0000273600
1726099200000,0.0001000000
1726128000000,0.0000734000
1726156800000,0.0000308900
1726185600000,0.0000871600
1726214400000,0.0000859400
1726243200000,-0.0001955400
1726272000000,0.0000911000
1726300800000,0.0000107100
1726329600000,-0.0000024600
1726358400000,0.0001000000
1726387200000,0.0000028400
1726416000000,0.0001000000
1726444800000,-0.0001066300
1726473600000,0.0000498100
1726502400000,-0.0000350900
1726531200000,-0.0000616900
1726560000000,-0.0000575300
1726588800000,0.0000217100
1726617600000,0.0001000000
1726646400000,0.0001000000
1726675200000,0.0001000000
1726704000000,0.0001000000
1726732800000,0.0001000000
1726761600000,0.0000867400
1726790400000,0.0001000000
1726819200000,0.0000924400
1726848000000,0.0000711400
1726876800000,0.0001000000
1726905600000,0.0000492100
1726934400000,0.0001000000
1726963200000,0.0001000000
1726992000000,0.0000450700
1727020800000,-0.0000132100
1727049600000,-0.0000561600
1727078400000,0.0001000000
1727107200000,0.0001000000
1727136000000,0.0001000000
1727164800000,0.0000660900
1727193600000,0.0000468800
1727222400000,0.0001000000
1727251200000,0.0001000000
1727280000000,0.0000339900
1727308800000,0.0001000000
1727337600000,0.0001000000
1727366400000,0.0001000000
1727395200000,0.0001000000
1727424000000,0.0001000000
1727452800000,0.0001000000
1727481600000,0.0001000000
1727510400000,0.0001000000
1727539200000,0.0001000000
1727568000000,0.0001000000
1727596800000,0.0001000000
1727625600000,0.0001000000
1727654400000,0.0001000000
1727683200000,0.0001000000
1727712000000,0.0001000000
1727740800000,0.0001000000
1727769600000,0.0001000000
1727798400000,0.0001000000
1727827200000,0.0001000000
1727856000000,0.0001000000
1727884800000,0.0001000000
1727913600000,0.0001000000
1727942400000,0.0000261000
1727971200000,0.0000299400
1728000000000,0.0000073700
1728028800000,-0.0000399000
1728057600000,0.0000069300
1728086400000,0.0001000000
1728115200000,0.0000554300
1728144000000,0.0001000000
1728172800000,0.0001000000
1728201600000,0.0000073600
1728230400000,-0.0001088600
1728259200000,0.0000765100
1728288000000,0.0001000000
1728316800000,0.0001000000
1728345600000,0.0001000000
1728374400000,0.0001000000
1728403200000,0.0001000000
1728432000000,0.0001000000
1728460800000,0.0001000000
1728489600000,0.0001000000
1728518400000,0.0001000000
1728547200000,-0.0000046200
1728576000000,0.0000078900
1728604800000,0.0001000000
1728633600000,0.0000801500
1728662400000,0.0001000000
1728691200000,0.0001000000
1728720000000,0.0001000000
1728748800000,0.0001000000
1728777600000,0.0001000000
1728806400000,0.0001000000
1728835200000,0.0001000000
1728864000000,0.0001000000
1728892800000,0.0001000000
1728921600000,0.0001000000
1728950400000,0.0001000000
1728979200000,0.0001000000
1729008000000,0.0001000000
1729036800000,0.0001000000
1729065600000,0.0001000000
1729094400000,0.0001000000
1729123200000,0.0001000000
1729152000000,0.0001000000
1729180800000,0.0001000000
1729209600000,0.0000272900
1729238400000,-0.0000606000
1729267200000,0.0001000000
1729296000000,0.0001000000
1729324800000,0.0001000000
1729353600000,0.0001000000
1729382400000,0.0001000000
1729411200000,0.0001000000
1729440000000,0.0001000000
1729468800000,0.0001000000
1729497600000,0.0001000000
1729526400000,0.0001000000
1729555200000,0.0001000000
1729584000000,0.0001000000
1729612800000,0.0001000000
1729641600000,0.0001000000
1729670400000,0.0001000000
1729699200000,0.0001000000
1729728000000,0.0001000000
1729756800000,0.0001000000
1729785600000,0.0001000000
1729814400000,0.0001000000
1729843200000,0.0001000000
1729872000000,0.0001000000
1729900800000,0.0001000000
1729929600000,0.0001000000
1729958400000,0.0001000000
1729987200000,0.0001000000
1730016000000,0.0001000000
1730044800000,0.0001000000
1730073600000,0.0001000000
1730102400000,0.0001000000
1730131200000,0.0001000000
1730160000000,0.0001000000
1730188800000,0.0001000000
1730217600000,0.0001000000
1730246400000,0.0001000000
1730275200000,0.0001000000
1730304000000,0.0001000000
1730332800000,0.0001000000
1730361600000,0.0001000000
1730390400000,0.0001000000
1730419200000,0.0001000000
1730448000000,0.0001000000
1730476800000,0.0001000000
1730505600000,0.0001000000
1730534400000,0.0001000000
1730563200000,0.0000551400
1730592000000,0.0001000000
1730620800000,0.0001000000
1730649600000,-0.0000328800
1730678400000,0.0000423000
1730707200000,0.0001000000
1730736000000,0.0001000000
1730764800000,0.0001000000
1730793600000,0.0001000000
1730822400000,0.0001000000
1730851200000,0.0001000000
1730880000000,0.0001000000
1730908800000,0.0001000000
1730937600000,0.0001000000
1730966400000,0.0001000000
1730995200000,0.0001000000
1731024000000,0.0001000000
1731052800000,0.0001000000
1731081600000,0.0001000000
1731110400000,0.0001000000
1731139200000,0.0001000000
1731168000000,0.0001650700
1731196800000,0.0001000000
1731225600000,0.0001824300
1731254400000,0.0003265900
1731283200000,0.0001052900
1731312000000,0.0002141300
1731340800000,0.0001267000
1731369600000,0.0002830500
1731398400000,0.0006309000
1731427200000,0.0004866200
1731456000000,0.0003346700
1731484800000,0.0001000000
1731513600000,0.0001000000
1731542400000,0.0001000000
1731571200000,0.0001000000
1731600000000,0.0001000000
1731628800000,0.0001000000
1731657600000,0.0001000000
1731686400000,0.0001081900
1731715200000,0.0006057800
1731744000000,0.0003793100
1731772800000,0.0002726200
1731801600000,0.0003368800
1731830400000,0.0001603200
1731859200000,0.0002359600
1731888000000,0.0001000000
1731916800000,0.0002613600
1731945600000,0.0003456900
1731974400000,0.0003467300
1732003200000,0.0002612300
1732032000000,0.0001511900
1732060800000,0.0001000000
1732089600000,0.0001000000
1732118400000,0.0001000000
1732147200000,0.0001000000
1732176000000,0.0001000000
1732204800000,0.0001000000
1732233600000,0.0003228600
1732262400000,0.0003565000
1732291200000,0.0004222700
1732320000000,0.0004154300
1732348800000,0.0004810800
1732377600000,0.0008231700
1732406400000,0.0003514500
1732435200000,0.0002986300
1732464000000,0.0001691400
1732492800000,0.0003542800
1732521600000,0.0001459000
1732550400000,0.0003519500
1732579200000,0.0002285500
1732608000000,0.0002682000
1732636800000,0.0001000000
1732665600000,0.0001000000
1732694400000,0.0001000000
1732723200000,0.0002144200
1732752000000,0.0003903900
1732780800000,0.0004859200
1732809600000,0.0002470500
1732838400000,0.0003818500
1732867200000,0.0004478900
1732896000000,0.0004095500
1732924800000,0.0005947200
1732953600000,0.0005312600
1732982400000,0.0002905000
1733011200000,0.0005217800
1733040000000,0.0002664300
1733068800000,0.0003368900
1733097600000,0.0005912700
1733126400000,0.0005511600
1733155200000,0.0002711600
1733184000000,0.0003314400
1733212800000,0.0004978700
1733241600000,0.0004797600
1733270400000,0.0005820700
1733299200000,0.0006075200
1733328000000,0.0005132300
1733356800000,0.0004285000
1733385600000,0.0007269100
1733414400000,0.0005917200
1733443200000,0.0005417200
1733472000000,0.0007629900
1733500800000,0.0005766800
1733529600000,0.0007718400
1733558400000,0.0008280000
1733587200000,0.0008517400
1733616000000,0.0010248000
1733644800000,0.0007313000
1733673600000,0.0006363800
1733702400000,0.0006859200
1733731200000,0.0002847600
1733760000000,0.0001000000
1733788800000,0.0001000000
1733817600000,0.0001000000
1733846400000,0.0001000000
1733875200000,0.0000078000
1733904000000,0.0000249000
1733932800000,0.0000478000
1733961600000,0.0001000000
1733990400000,0.0001000000
1734019200000,0.0001000000
1734048000000,0.0001000000
1734076800000,0.0001000000
1734105600000,0.0001000000
1734134400000,0.0001000000
1734163200000,0.0001000000
1734192000000,0.0001000000
1734220800000,0.0001000000
1734249600000,0.0001000000
1734278400000,0.0001000000
1734307200000,0.0001000000
1734336000000,0.0001000000
1734364800000,0.0001000000
1734393600000,0.0001000000
1734422400000,0.0001000000
1734451200000,0.0001000000
1734480000000,0.0001000000
1734508800000,0.0001000000
1734537600000,0.0001000000
1734566400000,0.0001000000
1734595200000,0.0000487800
1734624000000,-0.0000524900
1734652800000,0.0000602600
1734681600000,0.0000833200
1734710400000,-0.0001871100
1734739200000,-0.0000354500
1734768000000,0.0001000000
1734796800000,0.0001000000
1734825600000,0.0001000000
1734854400000,0.0001000000
1734883200000,0.0000604900
1734912000000,0.0001000000
1734940800000,0.0001000000
1734969600000,0.0001000000
1734998400000,0.0001000000
1735027200000,0.0001000000
1735056000000,0.0001000000
1735084800000,0.0001000000
1735113600000,0.0001000000
1735142400000,0.0000101000
1735171200000,0.0001000000
1735200000000,0.0001000000
1735228800000,0.0001000000
1735257600000,0.0001000000
1735286400000,0.0000295400
1735315200000,0.0001000000
1735344000000,0.0001000000
1735372800000,0.0000677200
1735401600000,0.0001000000
1735430400000,0.0001000000
1735459200000,0.0001000000
1735488000000,0.0001000000
1735516800000,0.0001000000
1735545600000,0.0001000000
1735574400000,0.0001000000
1735603200000,0.0001000000
1735632000000,0.0000142400
1735660800000,0.0001000000
1735689600000,0.0001000000
1735718400000,0.0001000000
1735747200000,0.0000965100
1735776000000,0.0001000000
1735804800000,0.0001000000
1735833600000,0.0001000000
1735862400000,0.0001000000
1735891200000,0.0001000000
1735920000000,0.0001000000
1735948800000,0.0001000000
1735977600000,0.0001000000
1736006400000,0.0001000000
1736035200000,0.0001000000
1736064000000,0.0001000000
1736092800000,0.0001000000
1736121600000,0.0001000000
1736150400000,0.0001000000
1736179200000,0.0001000000
1736208000000,0.0001000000
1736236800000,0.0001000000
1736265600000,0.0001000000
1736294400000,0.0001000000
1736323200000,0.0001000000
1736352000000,0.0001000000
1736380800000,0.0001000000
1736409600000,0.0000392500
1736438400000,-0.0001216800
1736467200000,-0.0000198000
1736496000000,0.0000436000
1736524800000,-0.0000136600
1736553600000,0.0001000000
1736582400000,0.0000633400
1736611200000,0.0001000000
1736640000000,0.0001000000
1736668800000,0.0001000000
1736697600000,0.0000687600
1736726400000,0.0001000000
1736755200000,-0.0000466500
1736784000000,0.0000202400
1736812800000,0.0001000000
1736841600000,0.0000384700
1736870400000,0.0000522800
1736899200000,0.0000761200
1736928000000,0.0001000000
1736956800000,0.0001000000
1736985600000,0.0001000000
1737014400000,0.0001000000
1737043200000,0.0001000000
1737072000000,0.0001000000
1737100800000,0.0001000000
1737129600000,0.0001000000
1737158400000,0.0001000000
1737187200000,0.0001000000
1737216000000,0.0001000000
1737244800000,0.0001000000
1737273600000,0.0001000000
1737302400000,0.0001000000
1737331200000,0.0001000000
1737360000000,0.0001000000
1737388800000,0.0001000000
1737417600000,0.0001000000
1737446400000,0.0001000000
1737475200000,0.0001000000
1737504000000,0.0001000000
1737532800000,0.0001000000
1737561600000,0.0001000000
1737590400000,0.0001000000
1737619200000,0.0001000000
1737648000000,0.0001000000
1737676800000,0.0001000000
1737705600000,0.0001000000
1737734400000,0.0001000000
1737763200000,0.0001000000
1737792000000,0.0001000000
1737820800000,0.0001000000
1737849600000,0.0001000000
1737878400000,0.0000771900
1737907200000,0.0001000000
1737936000000,0.0001000000
1737964800000,0.0000887200
1737993600000,0.0001000000
1738022400000,0.0001000000
1738051200000,0.0001000000
1738080000000,0.0001000000
1738108800000,0.0001000000
1738137600000,0.0001000000
1738166400000,0.0001000000
1738195200000,0.0001000000
1738224000000,0.0001000000
1738252800000,0.0001000000
1738281600000,0.0001000000
1738310400000,0.0001000000
1738339200000,0.0001000000
1738368000000,0.0001000000
1738396800000,0.0001000000
1738425600000,0.0001000000
1738454400000,0.0001000000
1738483200000,0.0001000000
1738512000000,0.0001000000
1738540800000,0.0001000000
1738569600000,-0.0000837400
1738598400000,0.0001000000
1738627200000,0.0001000000
1738656000000,0.0001000000
1738684800000,0.0001000000
1738713600000,0.0001000000
1738742400000,0.0001000000
1738771200000,0.0001000000
1738800000000,0.0001000000
1738828800000,-0.0000084100
1738857600000,-0.0000250100
1738886400000,0.0000305900
1738915200000,0.0001000000
1738944000000,0.0000190100
1738972800000,0.0000112200
1739001600000,0.0001000000
1739030400000,-0.0001639200
1739059200000,0.0001000000
1739088000000,-0.0000151100
1739116800000,0.0000964200
1739145600000,-0.0000254700
1739174400000,0.0001000000
1739203200000,0.0001000000
1739232000000,0.0001000000
1739260800000,0.0001000000
1739289600000,0.0001000000
1739318400000,0.0000720600
1739347200000,0.0000734400
1739376000000,0.0000965000
1739404800000,0.0001000000
1739433600000,0.0001000000
1739462400000,0.0001000000
1739491200000,0.0001000000
1739520000000,0.0001000000
1739548800000,0.0001000000
1739577600000,0.0001000000
1739606400000,0.0001000000
1739635200000,-0.0000102700
1739664000000,0.0001000000
1739692800000,0.0000933900
1739721600000,-0.0000762000
1739750400000,0.0000326000
1739779200000,-0.0000171500
1739808000000,0.0000193800
1739836800000,0.0001000000
1739865600000,-0.0001386900
1739894400000,-0.0002432500
1739923200000,0.0001000000
1739952000000,0.0001000000
1739980800000,0.0001000000
1740009600000,0.0001000000
1740038400000,0.0001000000
1740067200000,0.0001000000
1740096000000,0.0001000000
1740124800000,0.0001000000
1740153600000,0.0000120600
1740182400000,-0.0001364200
1740211200000,0.0001000000
1740240000000,0.0001000000
1740268800000,0.0001000000
1740297600000,0.0001000000
1740326400000,0.0001000000
1740355200000,0.0001000000
1740384000000,0.0001000000
1740412800000,0.0001000000
1740441600000,0.0000947000
1740470400000,0.0000648500
1740499200000,0.0000459600
1740528000000,0.0001000000
1740556800000,0.0001000000
1740585600000,0.0001000000
1740614400000,0.0001000000
1740643200000,0.0001000000
1740672000000,0.0000294200
1740700800000,0.0000906800
1740729600000,0.0001000000
1740758400000,0.0001000000
1740787200000,0.0001000000
1740816000000,0.0001000000
1740844800000,0.0001000000
1740873600000,0.0001000000
1740902400000,0.0001000000
1740931200000,0.0001000000
1740960000000,0.0001000000
1740988800000,0.0001000000
1741017600000,0.0001000000
1741046400000,0.0001000000
1741075200000,-0.0001550900
1741104000000,-0.0001902400
1741132800000,-0.0000428700
1741161600000,-0.0000653600
1741190400000,-0.0000590200
1741219200000,0.0001000000
1741248000000,0.0001000000
1741276800000,0.0001000000
1741305600000,0.0001000000
1741334400000,0.0000951800
1741363200000,0.0001000000
1741392000000,0.0001000000
1741420800000,-0.0002020300
1741449600000,0.0000630500
1741478400000,0.0000603700
1741507200000,0.0000759700
1741536000000,-0.0002501600
1741564800000,-0.0001757200
1741593600000,0.0000349300
1741622400000,0.0001000000
1741651200000,-0.0000289800
1741680000000,0.0000143100
1741708800000,-0.0000205900
1741737600000,0.0000920400
1741766400000,-0.0000620700
1741795200000,0.0001000000
1741824000000,0.0001000000
1741852800000,0.0000790200
1741881600000,0.0000570100
1741910400000,0.0001000000
1741939200000,-0.0000384800
1741968000000,0.0000276500
1741996800000,0.0000049800
1742025600000,0.0000603600
1742054400000,0.0000819600
1742083200000,0.0000689500
1742112000000,0.0000576900
1742140800000,0.0000706400
1742169600000,-0.0000037700
1742198400000,0.0001000000
1742227200000,0.0001000000
1742256000000,0.0001000000
1742284800000,-0.0000622000
1742313600000,0.0001000000
1742342400000,0.0001000000
1742371200000,-0.0000252900
1742400000000,0.0001000000
1742428800000,0.0001000000
1742457600000,0.0001000000
1742486400000,0.0000811800
1742515200000,-0.0000177400
1742544000000,-0.0000582600
1742572800000,-0.0000362900
1742601600000,-0.0000498000
1742630400000,0.0000591300
1742659200000,-0.0000054500
1742688000000,0.0001000000
1742716800000,-0.0000150400
1742745600000,0.0000285600
1742774400000,0.0001000000
1742803200000,0.0000118800
1742832000000,0.0001000000
1742860800000,0.0001000000
1742889600000,0.0000994200
1742918400000,0.0000347000
1742947200000,0.0001000000
1742976000000,-0.0000098400
1743004800000,0.0001000000
1743033600000,0.0001000000
1743062400000,0.0001000000
1743091200000,0.0000409700
1743120000000,0.0001000000
1743148800000,0.0000293500
1743177600000,0.0000068600
1743206400000,-0.0000423800
1743235200000,-0.0000502200
1743264000000,-0.0001393600
1743292800000,0.0000367700
1743321600000,0.0000208500
1743350400000,-0.0000020900
1743379200000,0.0000940300
1743408000000,0.0000070400
1743436800000,-0.0000967600
1743465600000,0.0000023800
1743494400000,-0.0000278200
1743523200000,-0.0001440700
1743552000000,0.0001000000
1743580800000,0.0000174500
1743609600000,0.0000870300
1743638400000,0.0000222100
1743667200000,-0.0000619100
1743696000000,0.0000009600
1743724800000,0.0001000000
1743753600000,0.0001000000
1743782400000,-0.0000299900
1743811200000,0.0001000000
1743840000000,0.0001000000
1743868800000,0.0001000000
1743897600000,0.0001000000
1743926400000,0.0000702600
1743955200000,-0.0001543300
1743984000000,-0.0000318500
1744012800000,0.0000542100
1744041600000,0.0001000000
1744070400000,0.0001000000
1744099200000,0.0001000000
1744128000000,0.0001000000
1744156800000,0.0001000000
1744185600000,0.0001000000
1744214400000,0.0001000000
1744243200000,0.0001000000
1744272000000,0.0001000000
1744300800000,0.0001000000
1744329600000,0.0001000000
1744358400000,0.0001000000
1744387200000,0.0001000000
1744416000000,0.0001000000
1744444800000,0.0000973500
1744473600000,0.0000748000
1744502400000,-0.0000686700
1744531200000,0.0000898300
1744560000000,0.0000261600
1744588800000,-0.0000045100
1744617600000,-0.0001374400
1744646400000,0.0000450200
1744675200000,0.0000970800
1744704000000,0.0000143900
1744732800000,0.0000408300
1744761600000,0.0000439700
1744790400000,-0.0000294900
1744819200000,-0.0000518700
1744848000000,-0.0000737400
1744876800000,-0.0000198700
1744905600000,-0.0000443100
1744934400000,0.0001000000
1744963200000,0.0001000000
1744992000000,0.0001000000
1745020800000,0.0001000000
1745049600000,0.0001000000
1745078400000,0.0001000000
1745107200000,0.0001000000
1745136000000,0.0001000000
1745164800000,0.0001000000
1745193600000,0.0001000000
1745222400000,0.0001000000
1745251200000,0.0001000000
1745280000000,0.0001000000
1745308800000,0.0001000000
1745337600000,0.0001000000
1745366400000,0.0001000000
1745395200000,0.0001000000
1745424000000,0.0001000000
1745452800000,0.0001000000
1745481600000,0.0001000000
1745510400000,0.0001000000
1745539200000,0.0001000000
1745568000000,0.0001000000
1745596800000,0.0001000000
1745625600000,0.0000746200
1745654400000,0.0001000000
1745683200000,0.0001000000
1745712000000,0.0001000000
1745740800000,0.0001000000
1745769600000,0.0001000000
1745798400000,0.0001000000
1745827200000,0.0001000000
1745856000000,0.0001000000
1745884800000,0.0001000000
1745913600000,0.0001000000
1745942400000,0.0001000000
1745971200000,0.0001000000
1746000000000,0.0001000000
1746028800000,0.0001000000
1746057600000,0.0001000000
1746086400000,-0.0002583300
1746115200000,0.0000383800
1746144000000,-0.0002072000
1746172800000,-0.0001649700
1746201600000,-0.0000390800
1746230400000,-0.0000036000
1746259200000,0.0001000000
1746288000000,0.0001000000
1746316800000,0.0001000000
1746345600000,0.0000049400
1746374400000,0.0000393500
1746403200000,0.0000241900
1746432000000,-0.0001886900
1746460800000,0.0001000000
1746489600000,-0.0000428900
1746518400000,-0.0000950000
1746547200000,0.0000135400
1746576000000,0.0000068900
1746604800000,-0.0000751100
1746633600000,0.0001000000
1746662400000,0.0000555900
1746691200000,-0.0000471100
1746720000000,0.0001000000
1746748800000,0.0001000000
1746777600000,0.0001000000
1746806400000,0.0001000000
1746835200000,0.0001000000
1746864000000,0.0001000000
1746892800000,0.0001000000
1746921600000,0.0001000000
1746950400000,0.0001000000
1746979200000,0.0001000000
1747008000000,0.0001000000
1747036800000,0.0001000000
1747065600000,0.0001000000
1747094400000,0.0001000000
1747123200000,0.0001000000
1747152000000,0.0001000000
1747180800000,0.0001000000
1747209600000,0.0001000000
1747238400000,0.0001000000
1747267200000,0.0001000000
1747296000000,0.0001000000
1747324800000,0.0001000000
1747353600000,0.0001000000
1747382400000,0.0001000000
1747411200000,0.0001000000
1747440000000,0.0001000000
1747468800000,0.0001000000
1747497600000,0.0001000000
1747526400000,0.0001000000
1747555200000,0.0001000000
1747584000000,0.0001000000
1747612800000,0.0001000000
1747641600000,0.0000230600
1747670400000,0.0000472800
1747699200000,0.0001000000
1747728000000,-0.0000733100
1747756800000,-0.0000803100
1747785600000,0.0000950100
1747814400000,0.0000971900
1747843200000,0.0001000000
1747872000000,0.0000934800
1747900800000,0.0001000000
1747929600000,0.0001000000
1747958400000,0.0001000000
1747987200000,0.0001000000
1748016000000,0.0001000000
1748044800000,0.0001000000
1748073600000,0.0001000000
1748102400000,0.0001000000
1748131200000,0.0001000000
1748160000000,0.0000350500
1748188800000,0.0000075400
1748217600000,0.0000344400
1748246400000,0.0001000000
1748275200000,0.0000764300
1748304000000,-0.0000013800
1748332800000,0.0000908400
1748361600000,0.0000512600
1748390400000,0.0001000000
1748419200000,-0.0000654600
1748448000000,0.0000248800
1748476800000,0.0000443600
1748505600000,0.0000835700
1748534400000,0.0000482600
1748563200000,0.0001000000
1748592000000,-0.0000822800
1748620800000,0.0001000000
1748649600000,0.0001000000
1748678400000,-0.0002535200
1748707200000,-0.0001295100
1748736000000,0.0001000000
1748764800000,-0.0000352600
1748793600000,0.0000584700
1748822400000,0.0000293600
1748851200000,0.0000339700
1748880000000,0.0001000000
1748908800000,0.0001000000
1748937600000,0.0000922300
1748966400000,0.0000580800
1748995200000,0.0001000000
1749024000000,0.0000993000
1749052800000,0.0000371700
1749081600000,0.0000936400
1749110400000,-0.0000267800
1749139200000,0.0000576300
1749168000000,-0.0000759100
1749196800000,-0.0000878900
1749225600000,-0.0001117200
1749254400000,0.0000837700
1749283200000,-0.0000485800
1749312000000,-0.0000150200
1749340800000,0.0000338900
1749369600000,0.0000766200
1749398400000,0.0000922800
1749427200000,0.0000621000
1749456000000,0.0000119900
1749484800000,0.0001000000
1749513600000,0.0001000000
1749542400000,-0.0000446600
1749571200000,0.0001000000
1749600000000,0.0001000000
1749628800000,0.0001000000
1749657600000,0.0001000000
1749686400000,0.0000185100
1749715200000,-0.0001558700
1749744000000,-0.0000706000
1749772800000,-0.0002473800
1749801600000,-0.0001155500
1749830400000,-0.0000334900
1749859200000,0.0001000000
1749888000000,0.0001000000
1749916800000,0.0001000000
1749945600000,0.0001000000
1749974400000,0.0001000000
1750003200000,0.0001000000
1750032000000,0.0001000000
1750060800000,0.0001000000
1750089600000,0.0001000000
1750118400000,0.0001000000
1750147200000,0.0001000000
1750176000000,0.0001000000
1750204800000,0.0001000000
1750233600000,0.0001000000
1750262400000,0.0000734800
1750291200000,-0.0000276800
1750320000000,-0.0000238900
1750348800000,-0.0000845100
1750377600000,0.0000922000
1750406400000,0.0000704800
1750435200000,0.0000384900
1750464000000,0.0000912600
1750492800000,-0.0000758800
1750521600000,0.0000183300
1750550400000,-0.0001558900
1750579200000,-0.0000523600
1750608000000,0.0000678300
1750636800000,-0.0000100800
1750665600000,-0.0000151400
1750694400000,0.0000073700
1750723200000,0.0001000000
1750752000000,0.0000268400
1750780800000,0.0001000000
1750809600000,0.0001000000
1750838400000,0.0001000000
1750867200000,0.0001000000
1750896000000,0.0000141100
1750924800000,-0.0000332100
1750953600000,-0.0000143500
1750982400000,0.0001000000
1751011200000,0.0001000000
1751040000000,0.0001000000
1751068800000,0.0000947800
1751097600000,-0.0000354800
1751126400000,0.0001000000
1751155200000,0.0001000000
1751184000000,0.0000676900
1751212800000,0.0000963900
1751241600000,0.0001000000
1751270400000,0.0000058600
1751299200000,0.0000546100
1751328000000,0.0001000000
1751356800000,-0.0000206600
1751385600000,-0.0000560700
1751414400000,-0.0000011800
1751443200000,-0.0000336500
1751472000000,0.0001000000
1751500800000,0.0001000000
1751529600000,0.0001000000
1751558400000,0.0001000000
1751587200000,0.0001000000
1751616000000,0.0001000000
1751644800000,-0.0001582200
1751673600000,-0.0000347900
1751702400000,0.0000182200
1751731200000,0.0000529400
1751760000000,0.0000235800
1751788800000,-0.0000628200
1751817600000,0.0000478600
1751846400000,0.0000940900
1751875200000,0.0000387000
1751904000000,0.0001000000
1751932800000,0.0000549500
1751961600000,-0.0000543200
1751990400000,-0.0000038500
1752019200000,0.0001000000
1752048000000,0.0001000000
1752076800000,0.0001000000
1752105600000,0.0001000000
1752134400000,0.0001000000
1752163200000,0.0001000000
1752192000000,0.0001000000
1752220800000,0.0001000000
1752249600000,0.0001000000
1752278400000,0.0001000000
1752307200000,0.0001000000
1752336000000,0.0001000000
1752364800000,0.0001000000
1752393600000,0.0001000000
1752422400000,0.0001000000
1752451200000,0.0001000000
1752480000000,0.0001000000
1752508800000,0.0001000000
1752537600000,0.0001000000
1752566400000,0.0001000000
1752595200000,0.0001000000
1752624000000,0.0001000000
1752652800000,0.0001000000
1752681600000,0.0001000000
1752710400000,0.0001000000
1752739200000,0.0001000000
1752768000000,0.0001000000
1752796800000,0.0001000000
1752825600000,0.0001000000
1752854400000,0.0001000000
1752883200000,0.0001000000
1752912000000,0.0001000000
1752940800000,0.0001000000
1752969600000,0.0001000000
1752998400000,0.0001218400
1753027200000,0.0001000000
1753056000000,0.0001000000
1753084800000,0.0001000000
1753113600000,0.0001136700
1753142400000,0.0001000000
1753171200000,0.0001000000
1753200000000,0.0001000000
1753228800000,0.0001000000
1753257600000,0.0001377900
1753286400000,0.0001000000
1753315200000,0.0001000000
1753344000000,0.0001000000
1753372800000,0.0001000000
1753401600000,0.0001000000
1753430400000,0.0001000000
1753459200000,0.0001000000
1753488000000,0.0001000000
1753516800000,0.0001000000
1753545600000,0.0001000000
1753574400000,0.0001000000
1753603200000,0.0001000000
1753632000000,0.0001000000
1753660800000,0.0001000000
1753689600000,0.0001000000
1753718400000,0.0001000000
1753747200000,0.0001000000
1753776000000,0.0001000000
1753804800000,0.0001000000
1753833600000,0.0001000000
1753862400000,0.0001000000
1753891200000,0.0001000000
1753920000000,0.0001000000
1753948800000,0.0001000000
1753977600000,0.0001000000
1754006400000,0.0001000000
1754035200000,0.0000297700
1754064000000,0.0001000000
1754092800000,0.0001000000
1754121600000,0.0001000000
1754150400000,0.0001000000
1754179200000,0.0001000000
1754208000000,0.0000764700
1754236800000,0.0001000000
1754265600000,0.0000374600
1754294400000,0.0001000000
1754323200000,0.0001000000
1754352000000,0.0001000000
1754380800000,-0.0000106700
1754409600000,0.0000074700
1754438400000,-0.0000150600
1754467200000,0.0000107500
1754496000000,0.0001000000
1754524800000,0.0001000000
1754553600000,0.0001000000
1754582400000,0.0001000000
1754611200000,0.0001000000
1754640000000,0.0001000000
1754668800000,0.0000326700
1754697600000,0.0001000000
1754726400000,0.0001000000
1754755200000,0.0001000000
1754784000000,0.0001000000
1754812800000,0.0001000000
1754841600000,0.0001000000
1754870400000,0.0001000000
1754899200000,0.0001000000
1754928000000,0.0001000000
1754956800000,0.0000881700
1754985600000,0.0000554200
1755014400000,0.0000587000
1755043200000,0.0001000000
1755072000000,0.0001000000
1755100800000,0.0001000000
1755129600000,0.0001000000
1755158400000,0.0001000000
1755187200000,0.0001000000
1755216000000,0.0001000000
1755244800000,0.0001000000
1755273600000,0.0001000000
1755302400000,0.0001000000
1755331200000,0.0001000000
1755360000000,0.0001000000
1755388800000,0.0001000000
1755417600000,0.0001000000
1755446400000,0.0001000000
1755475200000,0.0001000000
1755504000000,0.0000835100
1755532800000,0.0001000000
1755561600000,0.0000992900
1755590400000,0.0000676700
1755619200000,0.0001000000
1755648000000,-0.0000469400
1755676800000,0.0000545900
1755705600000,0.0000777100
1755734400000,0.0001000000
1755763200000,0.0001000000
1755792000000,0.0001000000
1755820800000,0.0001000000
1755849600000,0.0000521700
1755878400000,0.0000171000
1755907200000,0.0001000000
1755936000000,0.0001000000
1755964800000,0.0001000000
1755993600000,0.0001000000
1756022400000,0.0001000000
1756051200000,0.0001000000
1756080000000,0.0001000000
1756108800000,0.0001000000
1756137600000,0.0001000000
1756166400000,-0.0000213700
1756195200000,-0.0000025300
1756224000000,0.0001000000
1756252800000,0.0001000000
1756281600000,0.0001000000
1756310400000,0.0001000000
1756339200000,0.0001000000
1756368000000,0.0001000000
1756396800000,0.0001000000
1756425600000,0.0001000000
1756454400000,0.0001000000
1756483200000,0.0001000000
1756512000000,0.0001000000
1756540800000,0.0001000000
1756569600000,0.0001000000
1756598400000,0.0001000000
1756627200000,0.0001000000
1756656000000,-0.0000135800
1756684800000,0.0000858800
1756713600000,0.0000149100
1756742400000,0.0001000000
1756771200000,-0.0000329300
1756800000000,0.0001000000
1756828800000,0.0001000000
1756857600000,0.0001000000
1756886400000,0.0001000000
1756915200000,0.0001000000
1756944000000,0.0001000000
1756972800000,0.0001000000
1757001600000,0.0001000000
1757030400000,0.0001000000
1757059200000,0.0001000000
1757088000000,0.0001000000
1757116800000,0.0001000000
1757145600000,0.0001000000
1757174400000,0.0001000000
1757203200000,0.0001000000
1757232000000,0.0001000000
1757260800000,0.0001000000
1757289600000,0.0001000000
1757318400000,0.0001000000
1757347200000,-0.0000450400
1757376000000,0.0001000000
1757404800000,0.0001000000
1757433600000,0.0001000000
1757462400000,0.0001000000
1757491200000,0.0001000000
1757520000000,0.0001000000
1757548800000,0.0001000000
1757577600000,0.0001000000
1757606400000,0.0001000000
1757635200000,0.0001000000
1757664000000,0.0001000000
1757692800000,0.0000667300
1757721600000,0.0001000000
1757750400000,0.0001000000
1757779200000,0.0001000000
1757808000000,0.0001000000
1757836800000,0.0001000000
1757865600000,0.0001000000
1757894400000,-0.0000068700
1757923200000,0.0001000000
1757952000000,0.0001000000
1757980800000,0.0000777900
1758009600000,0.0001000000
1758038400000,0.0001000000
1758067200000,0.0001000000
1758096000000,0.0001000000
1758124800000,0.0001000000
1758153600000,0.0001000000
1758182400000,0.0001000000
1758211200000,0.0001000000
1758240000000,0.0001000000
1758268800000,0.0001000000
1758297600000,0.0001000000
1758326400000,0.0000096800
1758355200000,-0.0001302900
1758384000000,0.0001000000
1758412800000,0.0001000000
1758441600000,0.0001000000
1758470400000,0.0000114800
1758499200000,0.0000968400
1758528000000,0.0001000000
1758556800000,-0.0000861300
1758585600000,0.0001000000
1758614400000,-0.0000578000
1758643200000,-0.0000178200
1758672000000,0.0001000000
1758700800000,0.0001000000
1758729600000,0.0001000000
1758758400000,-0.0000257300
1758787200000,0.0000098400
1758816000000,0.0000535800
1758844800000,0.0000875500
1758873600000,0.0000993800
1758902400000,0.0000489100
1758931200000,0.0001000000
1758960000000,0.0001000000
1758988800000,-0.0000251300
1759017600000,0.0000332100
1759046400000,-0.0000025000
1759075200000,-0.0000643400
1759104000000,0.0000969100
1759132800000,0.0000982500
1759161600000,-0.0000813100
1759190400000,0.0001000000
1759219200000,-0.0000227100
1759248000000,-0.0000251300
1759276800000,0.0001000000
1759305600000,0.0001000000
1759334400000,0.0001000000
1759363200000,0.0001000000
1759392000000,0.0001000000
1759420800000,0.0000048300
1759449600000,0.0001000000
1759478400000,-0.0000400700
1759507200000,-0.0000859400
1759536000000,0.0000655200
1759564800000,-0.0000839000
1759593600000,-0.0000912900
1759622400000,0.0000356400
1759651200000,0.0001000000
1759680000000,0.0001000000
1759708800000,-0.0000263000
1759737600000,0.0000672200
1759766400000,0.0001000000
1759795200000,0.0001000000
1759824000000,0.0001000000
1759852800000,-0.0001480000
1759881600000,0.0000326500
1759910400000,0.0000582700
1759939200000,0.0001000000
1759968000000,0.0001000000
1759996800000,0.0001000000
1760025600000,-0.0000335000
1760054400000,0.0001000000
1760083200000,0.0001000000
1760112000000,0.0001000000
1760140800000,-0.0014588000
1760169600000,0.0001000000
1760198400000,0.0001000000
1760227200000,0.0000661700
1760256000000,0.0001000000
1760284800000,0.0001000000
1760313600000,0.0001000000
1760342400000,0.0001000000
1760371200000,0.0001000000
1760400000000,0.0001000000
1760428800000,0.0000247300
1760457600000,0.0000666500
1760486400000,0.0001000000
1760515200000,0.0001000000
1760544000000,-0.0000129800
1760572800000,-0.0000659300
1760601600000,-0.0001133600
1760630400000,-0.0000581700
1760659200000,-0.0001043900
1760688000000,0.0000081600
1760716800000,-0.0000819600
1760745600000,0.0000000100
1760774400000,-0.0001902300
1760803200000,-0.0002447200
1760832000000,-0.0000120400
1760860800000,-0.0001114200
1760889600000,-0.0000676200
1760918400000,0.0001000000
1760947200000,0.0000454800
1760976000000,0.0001000000
1761004800000,0.0001000000
1761033600000,-0.0001267500
1761062400000,0.0001000000
1761091200000,0.0001000000
1761120000000,-0.0001936800
1761148800000,0.0000007300
1761177600000,-0.0000542300
1761206400000,-0.0002144300
1761235200000,0.0000786100
1761264000000,-0.0004172400
1761292800000,0.0001000000
1761321600000,0.0001000000
1761350400000,0.0001000000
1761379200000,0.0001000000
1761408000000,0.0001000000
1761436800000,0.0001000000
1761465600000,0.0001000000
1761494400000,0.0001000000
1761523200000,0.0001000000
1761552000000,0.0001000000
1761580800000,0.0001000000
1761609600000,0.0001000000
1761638400000,-0.0000843300
1761667200000,0.0000277100
1761696000000,-0.0000830700
1761724800000,-0.0002059300
1761753600000,0.0000711300
1761782400000,0.0001000000
1761811200000,-0.0001169300
1761840000000,-0.0002983200
1761868800000,-0.0004347400
1761897600000,-0.0000836600
1761926400000,0.0000009500
1761955200000,0.0000753700
1761984000000,0.0000772900
1762012800000,-0.0001435300
1762041600000,0.0000939300
1762070400000,-0.0003436200
1762099200000,-0.0000431600
1762128000000,-0.0002116800
1762156800000,-0.0002669700
1762185600000,-0.0002169100
1762214400000,-0.0003695100
1762243200000,0.0001000000
1762272000000,0.0001000000
1762300800000,0.0001000000
1762329600000,0.0001000000
1762358400000,-0.0000992300
1762387200000,-0.0000391700
1762416000000,-0.0000727400
1762444800000,0.0000822700
1762473600000,0.0000855800
1762502400000,-0.0000295200
1762531200000,0.0001000000
1762560000000,0.0001000000
1762588800000,0.0001000000
1762617600000,0.0001000000
1762646400000,0.0001000000
1762675200000,0.0000257100
1762704000000,0.0001000000
1762732800000,0.0001000000
1762761600000,0.0000124200
1762790400000,0.0001000000
1762819200000,0.0001000000
1762848000000,-0.0000333500
1762876800000,0.0001000000
1762905600000,0.0000488700
1762934400000,-0.0001129800
1762963200000,0.0001000000
1762992000000,-0.0001275400
1763020800000,0.0000535800
1763049600000,0.0000389800
1763078400000,-0.0003078200
1763107200000,-0.0001115100
1763136000000,-0.0001088600
1763164800000,-0.0000189600
1763193600000,0.0001000000
1763222400000,0.0001000000
1763251200000,-0.0000352900
1763280000000,0.0001000000
1763308800000,-0.0003803800
1763337600000,-0.0002176700
1763366400000,0.0000271300
1763395200000,-0.0000504500
1763424000000,-0.0000912400
1763452800000,0.0001000000
1763481600000,-0.0000528900
1763510400000,0.0000918900
1763539200000,0.0000988800
1763568000000,-0.0000777400
1763596800000,-0.0003323100
1763625600000,0.0001000000
1763654400000,0.0001000000
1763683200000,-0.0002219900
1763712000000,-0.0003323300
1763740800000,-0.0001802100
1763769600000,-0.0002195000
1763798400000,-0.0001377200
1763827200000,-0.0001684500
1763856000000,-0.0001399300
1763884800000,-0.0001645500
1763913600000,-0.0000404500
1763942400000,0.0000677300
1763971200000,0.0000320200
1764000000000,0.0000605500
1764028800000,0.0001000000
1764057600000,0.0001000000
1764086400000,-0.0000103700
1764115200000,0.0001000000
1764144000000,0.0000770100
1764172800000,0.0000014300
1764201600000,0.0001000000
1764230400000,0.0001000000
1764259200000,0.0001000000
1764288000000,0.0001000000
1764316800000,0.0001000000
1764345600000,0.0001000000
1764374400000,0.0000003200
1764403200000,0.0001000000
1764432000000,0.0001000000
1764460800000,0.0001000000
1764489600000,0.0001000000
1764518400000,0.0001000000
1764547200000,0.0000204200
1764576000000,-0.0000926200
1764604800000,-0.0001296600
1764633600000,-0.0000597300
1764662400000,-0.0000286500
1764691200000,0.0001000000
1764720000000,0.0001000000
1764748800000,0.0001000000
1764777600000,0.0001000000
1764806400000,0.0001000000
1764835200000,0.0001000000
1764864000000,0.0001000000
1764892800000,0.0001000000
1764921600000,0.0001000000
1764950400000,0.0000446600
1764979200000,-0.0003017500
1765008000000,-0.0001483700
1765036800000,0.0000251200
1765065600000,0.0000203200
1765094400000,-0.0000662400
1765123200000,-0.0001185100
1765152000000,-0.0001235900
1765180800000,0.0001000000
1765209600000,0.0001000000
1765238400000,0.0001000000
1765267200000,0.0001000000
1765296000000,0.0000163300
1765324800000,0.0001000000
1765353600000,0.0000120700
1765382400000,0.0000231500
1765411200000,0.0001000000
1765440000000,0.0000315800
1765468800000,0.0001000000
1765497600000,0.0001000000
1765526400000,0.0001000000
1765555200000,0.0001000000
1765584000000,0.0001000000
1765612800000,0.0001000000
1765641600000,0.0001000000
1765670400000,0.0000822300
1765699200000,0.0000861900
1765728000000,0.0000261100
1765756800000,0.0000381400
1765785600000,0.0000473200
1765814400000,0.0000406900
1765843200000,-0.0000637800
1765872000000,-0.0001664500
1765900800000,0.0000487800
1765929600000,0.0000280300
1765958400000,0.0000164100
1765987200000,-0.0000217200
1766016000000,-0.0000903200
1766044800000,-0.0000085500
1766073600000,0.0000362600
1766102400000,-0.0000614800
1766131200000,-0.0002369500
1766160000000,0.0000638300
1766188800000,0.0001000000
1766217600000,0.0001000000
1766246400000,0.0000943000
1766275200000,0.0001000000
1766304000000,-0.0001396800
1766332800000,0.0000493100
1766361600000,-0.0000188000
1766390400000,0.0001000000
1766419200000,0.0001000000
1766448000000,-0.0000012600
1766476800000,0.0000510900
1766505600000,0.0000393400
1766534400000,0.0000003000
1766563200000,-0.0000451900
1766592000000,-0.0000105500
1766620800000,0.0000574600
1766649600000,0.0001000000
1766678400000,0.0000620200
1766707200000,0.0000299400
1766736000000,0.0001000000
1766764800000,0.0001000000
1766793600000,0.0001000000
1766822400000,0.0001000000
1766851200000,0.0001000000
1766880000000,0.0001000000
1766908800000,0.0001000000
1766937600000,0.0001000000
1766966400000,0.0001000000
1766995200000,0.0001000000
1767024000000,0.0000424500
1767052800000,0.0001000000
1767081600000,0.0000411500
1767110400000,0.0001000000
1767139200000,-0.0000565100
1767168000000,0.0000184200
1767196800000,0.0000915500
1767225600000,0.0001000000
1767254400000,0.0001000000
1767283200000,0.0001000000
1767312000000,0.0001000000
1767340800000,0.0001000000
1767369600000,0.0001000000
1767398400000,0.0001000000
1767427200000,0.0001000000
1767456000000,-0.0000045300
1767484800000,0.0000721500
1767513600000,-0.0000194900
1767542400000,0.0001000000
1767571200000,0.0001000000
1767600000000,0.0001000000
1767628800000,0.0001000000
1767657600000,0.0001000000
1767686400000,0.0001000000
1767715200000,0.0001000000
1767744000000,0.0001000000
1767772800000,0.0000732100
1767801600000,-0.0000199200
1767830400000,-0.0000129900
1767859200000,0.0001000000
1767888000000,0.0000988200
1767916800000,0.0001000000
1767945600000,0.0001000000
1767974400000,0.0000711700
1768003200000,0.0001000000
1768032000000,0.0000717300
1768060800000,0.0001000000
1768089600000,0.0001000000
1768118400000,0.0001000000
1768147200000,0.0000362300
1768176000000,0.0000348400
1768204800000,0.0000953200
1768233600000,-0.0000310800
1768262400000,0.0000183900
1768291200000,0.0000626800
1768320000000,0.0001000000
1768348800000,0.0001000000
1768377600000,0.0001000000
1768406400000,0.0000646200
1768435200000,0.0001000000
1768464000000,-0.0000720100
1768492800000,0.0000611700
1768521600000,-0.0000549000
1768550400000,-0.0001086100
1768579200000,0.0001000000
1768608000000,0.0000451200
1768636800000,-0.0000123900
1768665600000,-0.0000643400
1768694400000,0.0001000000
1768723200000,-0.0000961600
1768752000000,0.0000553800
1768780800000,0.0000388500
1768809600000,-0.0001144400
1768838400000,0.0001000000
1768867200000,0.0001000000
1768896000000,0.0000148600
1768924800000,-0.0000363800
1768953600000,0.0001000000
1768982400000,-0.0001687000
1769011200000,0.0000018100
1769040000000,0.0001000000
1769068800000,0.0000781000
1769097600000,0.0000278600
1769126400000,0.0000304300
1769155200000,0.0001000000
1769184000000,-0.0001390100
1769212800000,0.0000110400
1769241600000,-0.0000394400
1769270400000,0.0000330300
1769299200000,0.0000738300
1769328000000,-0.0000229900
1769356800000,-0.0000703600
1769385600000,-0.0001310900
1769414400000,-0.0000090100
1769443200000,0.0000917200
1769472000000,0.0001000000
1769500800000,0.0001000000
1769529600000,-0.0000924100
1769558400000,-0.0000371000
1769587200000,0.0001000000
1769616000000,-0.0000390300
1769644800000,0.0000636700
1769673600000,-0.0003147200
1769702400000,-0.0004242600
1769731200000,-0.0006789100
1769760000000,-0.0003375300
1769788800000,-0.0001216600
1769817600000,0.0000262400
1769846400000,-0.0001395100
1769875200000,-0.0002794100
1769904000000,-0.0004186200
1769932800000,-0.0002149500
1769961600000,-0.0001047700
1769990400000,-0.0001166300
1770019200000,-0.0001322400
1770048000000,-0.0002988700
1770076800000,-0.0000704800
1770105600000,0.0000580100
1770134400000,0.0001000000
1770163200000,-0.0000411600
1770192000000,-0.0000680900
1770220800000,-0.0000480600
1770249600000,0.0001000000
1770278400000,-0.0000797600
1770307200000,0.0000730300
1770336000000,-0.0000475900
1770364800000,-0.0001222300
1770393600000,-0.0004369700
1770422400000,-0.0000610800
1770451200000,-0.0000772000
1770480000000,0.0000295800
1770508800000,-0.0000168900
1770537600000,-0.0001108100
1770566400000,-0.0000933900
1770595200000,0.0000054600
1770624000000,-0.0000679300
1770652800000,0.0000105100
1770681600000,-0.0000824200
1770710400000,-0.0000865300
1770739200000,-0.0000107100
1770768000000,0.0001000000
1770796800000,0.0000035700
1770825600000,-0.0000326500
1770854400000,0.0000239500
1770883200000,-0.0000269600
1770912000000,0.0000567200
1770940800000,0.0001000000
1770969600000,-0.0000763100
1770998400000,-0.0001367500
1771027200000,0.0000962100
1771056000000,-0.0000291500
1771084800000,0.0000822500
1771113600000,0.0000391300
1771142400000,-0.0001158900
1771171200000,-0.0000429900
1771200000000,0.0000307800
1771228800000,0.0000403600
1771257600000,0.0001000000
1771286400000,0.0001000000
1771315200000,0.0000584600
1771344000000,-0.0000046700
1771372800000,0.0000189900
1771401600000,0.0000339100
1771430400000,-0.0001161800
1771459200000,0.0000460800
1771488000000,0.0000806000
1771516800000,0.0000319100
1771545600000,0.0001000000
1771574400000,0.0000762800
1771603200000,-0.0000925400
1771632000000,0.0001000000
1771660800000,0.0000835200
1771689600000,0.0000716600
1771718400000,0.0000541000
1771747200000,0.0000323400
1771776000000,-0.0001857600
1771804800000,0.0001000000
1771833600000,0.0000384600
1771862400000,-0.0000006900
1771891200000,0.0001000000
1771920000000,-0.0002215200
1771948800000,0.0001000000
1771977600000,0.0001000000
1772006400000,0.0000321900
1772035200000,-0.0000972800
1772064000000,0.0001000000
1772092800000,-0.0001322100
1772121600000,-0.0001048200
1772150400000,0.0001000000
1772179200000,0.0001000000
1772208000000,0.0000438000
1772236800000,0.0000772400
1772265600000,-0.0000430600
1772294400000,0.0000111800
1772323200000,0.0001000000
1772352000000,-0.0000531000
1772380800000,-0.0000913500
1772409600000,0.0001000000
1772438400000,0.0001000000
1772467200000,0.0001000000
1772496000000,0.0001000000
1772524800000,0.0000971600
1772553600000,-0.0000906200
1772582400000,0.0001000000
1772611200000,0.0001000000
1772640000000,0.0001000000
1772668800000,0.0001000000
1772697600000,-0.0000960900
1772726400000,-0.0000820900
1772755200000,-0.0000152800
1772784000000,0.0000942100
1772812800000,-0.0001344800
1772841600000,-0.0000515600
1772870400000,-0.0000744900
1772899200000,-0.0000224500
1772928000000,0.0001000000
1772956800000,-0.0000491100
1772985600000,-0.0000098800
1773014400000,0.0001000000
1773043200000,0.0001000000
1773072000000,-0.0000195900
1773100800000,-0.0002266800
1773129600000,0.0000424900
1773158400000,0.0000478000
1773187200000,-0.0001203700
1773216000000,0.0001000000
1773244800000,0.0001000000
1773273600000,0.0000638100
1773302400000,-0.0000838600
1773331200000,-0.0001279500
1773360000000,0.0000826200
1773388800000,0.0001000000
1773417600000,0.0001000000
1773446400000,0.0000837400
1773475200000,-0.0000493500
1773504000000,-0.0000951300
1773532800000,0.0001000000
1773561600000,-0.0000996000
1773590400000,-0.0000095800
1773619200000,-0.0000865400
1773648000000,0.0000633700
1773676800000,0.0001000000
1773705600000,0.0001000000
1773734400000,0.0000949700
1773763200000,-0.0001223000
1773792000000,0.0001000000
1773820800000,0.0001000000
1773849600000,0.0000847600
1773878400000,-0.0001207300
1773907200000,-0.0003114900
1773936000000,-0.0004092300
1773964800000,-0.0002142800
1773993600000,-0.0003232800
1774022400000,-0.0006667600
1774051200000,0.0000810000
1774080000000,0.0001000000
1774108800000,-0.0000364100
1774137600000,0.0001000000
1774166400000,0.0001000000
1774195200000,-0.0001037900
1774224000000,-0.0002164100
1774252800000,0.0001000000
1774281600000,-0.0001883000
1774310400000,0.0001000000
1774339200000,0.0001000000
1774368000000,0.0001000000
1774396800000,0.0000735300
1774425600000,-0.0002553100
1774454400000,-0.0002046400
1774483200000,-0.0001233600
1774512000000,-0.0003576400
1774540800000,-0.0004689600
1774569600000,-0.0002920400
1774598400000,-0.0002570000
1774627200000,0.0000111900
1774656000000,0.0000767600
1774684800000,-0.0002402500
1774713600000,-0.0002003500
1774742400000,-0.0000950300
1774771200000,-0.0002314500
1774800000000,-0.0001176200
1774828800000,-0.0001574400
1774857600000,-0.0001040500
1774886400000,0.0000602300
1774915200000,0.0001000000
1774944000000,0.0001000000
1774972800000,-0.0000205800
1775001600000,-0.0000734900
1775030400000,-0.0000176200
1775059200000,-0.0000598700
1775088000000,-0.0002075200
1775116800000,-0.0000400500
1775145600000,-0.0001414800
1775174400000,0.0001000000
1775203200000,0.0001000000
1775232000000,0.0001000000
1775260800000,0.0001000000
1775289600000,0.0001000000
1775318400000,-0.0000164600
1775347200000,-0.0000414700
1775376000000,0.0001000000
1775404800000,-0.0000130200
1775433600000,0.0001000000
1775462400000,0.0000698600
1775491200000,0.0001000000
1775520000000,0.0000891200
1775548800000,0.0000135600
1775577600000,0.0000137900
1775606400000,0.0000965300
1775635200000,-0.0000687300
1775664000000,-0.0002192000
1775692800000,-0.0000911600
1775721600000,-0.0000257700
1775750400000,-0.0001172000
1775779200000,0.0001000000
1775808000000,0.0001000000
1775836800000,-0.0000474200
1775865600000,0.0001000000
1775894400000,0.0001000000
1775923200000,0.0000020100
1775952000000,-0.0001829700
1775980800000,-0.0000734600
1776009600000,-0.0001300600
1776038400000,0.0000380100
1776067200000,0.0001000000
1776096000000,0.0001000000
1776124800000,-0.0000486300
1776153600000,0.0001000000
1776182400000,-0.0000261400
1776211200000,-0.0002691200
1776240000000,-0.0001475000
1776268800000,-0.0000837400
1776297600000,0.0001000000
1776326400000,0.0000500500
1776355200000,0.0001000000
1776384000000,0.0001000000
1776412800000,-0.0000405700
1776441600000,-0.0002070400
1776470400000,-0.0006396900
1776499200000,-0.0009000900
1776528000000,-0.0010817900
1776556800000,-0.0010194000
1776585600000,-0.0006618500
1776614400000,-0.0012477000
1776643200000,-0.0007715900
1776672000000,-0.0012159300
1776700800000,-0.0014385000
1776729600000,-0.0011593900
1776758400000,-0.0008031800
1776787200000,-0.0010701000
1776816000000,-0.0012414700
1776844800000,-0.0007230800
1776873600000,-0.0004927900
1776902400000,-0.0000355100
1776931200000,-0.0002815300
1776960000000,-0.0003053100
1776988800000,-0.0006233500
1777017600000,-0.0001400900
1777046400000,-0.0001775700
1777075200000,-0.0000366300
1777104000000,-0.0000943900
1777132800000,-0.0002325400
1777161600000,-0.0005117100
1777190400000,-0.0001547600
1777219200000,-0.0002506400
1777248000000,-0.0002324400
1777276800000,-0.0002064900
1777305600000,-0.0007259300
1777334400000,-0.0003770700
1777363200000,-0.0004183900
1777392000000,-0.0008337700
1777420800000,-0.0004780000
1777449600000,-0.0004848700
1777478400000,-0.0004069800
1777507200000,-0.0010090300
1777536000000,-0.0001604500
1777564800000,-0.0006038300
1777593600000,-0.0001982800
1777622400000,0.0000034400
1777651200000,-0.0002944900
1777680000000,-0.0004012900
1777708800000,-0.0006698200
1777737600000,-0.0005489100
1777766400000,-0.0000556400
1777795200000,-0.0001499000
1777824000000,-0.0004825600
1777852800000,-0.0000929500
1777881600000,-0.0000793500
1777910400000,-0.0004831000
1777939200000,-0.0001675900
1777968000000,-0.0002035100
1777996800000,0.0000860600
1778025600000,-0.0001398000
1778054400000,-0.0001493300
1778083200000,0.0000534300
1778112000000,0.0001000000
1778140800000,-0.0000143000
1778169600000,0.0000318700
1778198400000,0.0000380700
1778227200000,0.0000809600
1778256000000,0.0001000000
1778284800000,0.0001000000
1778313600000,0.0000817800
1778342400000,0.0001000000
1778371200000,-0.0000207900
1778400000000,-0.0001273700
1778428800000,-0.0000808800
1778457600000,-0.0004004700
1778486400000,-0.0000766000
1778515200000,-0.0003379000
1778544000000,0.0000984000
1778572800000,0.0000120400
1778601600000,-0.0001244400
1778630400000,-0.0001165700
1778659200000,0.0001000000
1778688000000,-0.0003250900
1778716800000,-0.0002752000
1778745600000,-0.0003426700
1778774400000,-0.0001572600
1778803200000,0.0001000000
1778832000000,-0.0002189800
1778860800000,-0.0003177800
1778889600000,-0.0003861900
1778918400000,-0.0005641800
1778947200000,-0.0008377400
1778976000000,-0.0003641900
1779004800000,-0.0004205800
1779033600000,-0.0005315400
1779062400000,-0.0005732100
1779091200000,-0.0007215300
1779120000000,-0.0006398100
1779148800000,-0.0005781000
1779177600000,-0.0008958600
1779206400000,-0.0009168300
1779235200000,-0.0006880000
1779264000000,-0.0003554900
1779292800000,-0.0006445900
1779321600000,-0.0001945400
1779350400000,0.0001000000
1779379200000,0.0001000000
1779408000000,0.0001000000
1779436800000,0.0000324400
1779465600000,0.0001000000
1779494400000,0.0000441800
1779523200000,-0.0001124100
1779552000000,0.0000026600
1779580800000,0.0001000000
1779609600000,0.0000013500
1779638400000,-0.0002296100
1779667200000,-0.0000621400
1779696000000,-0.0000248700
1779724800000,0.0000377300
1779753600000,-0.0000663800
1779782400000,-0.0003970900
1779811200000,-0.0000501400
1779840000000,0.0001000000
1779868800000,0.0001000000
1779897600000,0.0001000000
1779926400000,0.0001000000
1779955200000,-0.0000140000
1779984000000,-0.0001191600
1780012800000,-0.0002829400
1780041600000,-0.0004424700
1780070400000,-0.0004920100
1780099200000,-0.0002005700
1780128000000,0.0000565100
1780156800000,-0.0001693700
1780185600000,0.0000350000
1780214400000,0.0001000000
1780243200000,0.0001000000
1780272000000,0.0001000000
1780300800000,0.0001000000
1780329600000,0.0001000000
1780358400000,0.0000896800
1780387200000,0.0000196700
1780416000000,0.0001000000
1780444800000,0.0001000000
1780473600000,0.0000523100
1780502400000,0.0001000000
1780531200000,-0.0002727900
1780560000000,-0.0001056800
1780588800000,-0.0000463500
1780617600000,-0.0002485600
1780646400000,-0.0004180500
1780675200000,-0.0004204200
1780704000000,-0.0000824500
1780732800000,-0.0006085900
1780761600000,-0.0005293100
1780790400000,-0.0005894500
1780819200000,-0.0003269800
1780848000000,-0.0000938200
1780876800000,-0.0003316100
1780905600000,-0.0001124700
1780934400000,-0.0000453200
1780963200000,0.0000248900
1780992000000,-0.0001893600
1781020800000,0.0000017800
1781049600000,-0.0001508800
1781078400000,-0.0003117500
1781107200000,-0.0003116900
1781136000000,-0.0003519900
1781164800000,-0.0004080400
1781193600000,0.0001000000
1781222400000,0.0001000000
1781251200000,0.0000679400
1781280000000,-0.0000158700
1781308800000,-0.0001787000
1781337600000,0.0000766600
1781366400000,-0.0000388000
1781395200000,-0.0000183800
1781424000000,-0.0002113000
1781452800000,-0.0001694200
1781481600000,-0.0000591100
1781510400000,0.0001000000
1781539200000,0.0001000000
1781568000000,0.0001000000
1781596800000,0.0001000000
1781625600000,0.0001000000
1781654400000,0.0001000000
1781683200000,0.0001000000
1781712000000,-0.0000597700
1781740800000,0.0000619800
1781769600000,0.0000198300
1781798400000,-0.0000137600
1781827200000,0.0000855600
1781856000000,0.0000569200
1781884800000,-0.0003553300
1781913600000,0.0000297000
1781942400000,-0.0000460400
1781971200000,0.0000436800
1782000000000,0.0000031800
1782028800000,-0.0000465500
1782057600000,0.0000826800
1782086400000,0.0000463200
1782115200000,0.0001000000
1782144000000,0.0000387700
1782172800000,-0.0001270500
1782201600000,-0.0001801000
1782230400000,-0.0000690300
1782259200000,0.0000320900
1782288000000,0.0000550800
1782316800000,-0.0000610800
1782345600000,0.0000327100
1782374400000,-0.0000904900
1782403200000,0.0001000000
1782432000000,0.0001000000
1782460800000,0.0001000000
1782489600000,0.0001000000
1782518400000,0.0001000000
1782547200000,-0.0001265400
1782576000000,0.0000253500
1782604800000,-0.0000079300
1782633600000,0.0001000000
1782662400000,0.0000019300
1782691200000,0.0000955000
1782720000000,0.0000885800
1782748800000,0.0000315200
1782777600000,0.0000443800
1782806400000,0.0000268000
1782835200000,0.0000279300
1782864000000,0.0001000000
1782892800000,0.0000624100
1782921600000,0.0000551300
1782950400000,0.0000396200
1782979200000,0.0000132100
1783008000000,-0.0000666500
1783036800000,-0.0000974900
1783065600000,0.0000279000
1783094400000,0.0000205300
1783123200000,-0.0000588700
1783152000000,-0.0000516900
1783180800000,-0.0000978100
1783209600000,0.0000217700
1783238400000,-0.0000608100
1783267200000,-0.0000279000
1783296000000,0.0000509200
1783324800000,0.0000089700
1783353600000,0.0000308500
1783382400000,0.0001000000
1783411200000,-0.0001644600
1783440000000,-0.0001569700
1783468800000,-0.0001394700
1783497600000,0.0000277200
1783526400000,0.0000096300
1783555200000,0.0000834200
1783584000000,0.0000253800
1783612800000,-0.0000003600
1783641600000,0.0000390900
1783670400000,0.0001000000
1783699200000,-0.0001056100
1783728000000,-0.0001223900
1783756800000,0.0000221400
1783785600000,0.0000701400
1783814400000,0.0001000000
1783843200000,0.0000419100
1783872000000,0.0001000000
1783900800000,0.0000828900
1783929600000,0.0000427700
1783958400000,-0.0001213300
1783987200000,-0.0001370200
1784016000000,-0.0001669100
1784044800000,-0.0000303700
1784073600000,-0.0000118400
1784102400000,0.0000279700
1784131200000,0.0000530900
1784160000000,0.0000677200
1784188800000,-0.0001009500
1784217600000,0.0000722100
1784246400000,0.0000371600
1784275200000,-0.0000638500
1784304000000,-0.0000487500
1784332800000,0.0000680600
1784361600000,0.0000742000
1784390400000,-0.0003317300
1784419200000,-0.0000130000
1784448000000,-0.0000231700
1784476800000,-0.0000561700
1784505600000,-0.0001665200
1784534400000,0.0000209900
1784563200000,0.0000020700
1784592000000,0.0001000000
1784620800000,-0.0000206000
1784649600000,-0.0000094900
1784678400000,0.0001000000
1784707200000,-0.0000039000
1784736000000,-0.0000134500
1784764800000,0.0000075300
1784793600000,0.0000985400
1784822400000,-0.0000291900
1784851200000,0.0001000000
1784880000000,0.0000329300
1784908800000,-0.0000969500
1784937600000,-0.0003930000
1784966400000,-0.0003706700
1784995200000,-0.0000935600
1785024000000,-0.0000048300
1785052800000,0.0000266000
1785081600000,-0.0001708000
1785110400000,0.0000779700
1785139200000,0.0000761000
1785168000000,0.0000491800
1785196800000,0.0001000000
1785225600000,-0.0000326300
1785254400000,-0.0000693400
1785283200000,0.0000590600
1785312000000,-0.0000522700
1785340800000,-0.0001174500
1785369600000,-0.0001544600
1785398400000,-0.0000161600
1785427200000,-0.0001992700
1785456000000,-0.0001088400
1785484800000,-0.0000615700
1785513600000,-0.0001145900
1785542400000,-0.0001453400
1785571200000,0.0000175100
1785600000000,-0.0000953600
1785628800000,-0.0002231300
1785657600000,-0.0001923800
1785686400000,-0.0002011100
1785715200000,-0.0002478900
1785744000000,-0.0003720900
1785772800000,-0.0000388500
1785801600000,0.0001000000
1785830400000,0.0000207500
1785859200000,0.0001000000
1785888000000,0.0001000000
1785916800000,0.0001000000
1785945600000,0.0000277500
1785974400000,-0.0000485400
1786003200000,0.0000351600
1786032000000,-0.0002737000
1786060800000,-0.0002709300
1786089600000,-0.0000818100
1786118400000,-0.0000229400
1786147200000,-0.0000398600
1786176000000,-0.0000806800
1786204800000,-0.0001707100
1786233600000,-0.0001201700
1786262400000,-0.0000000100
1786291200000,-0.0000095800
1786320000000,0.0001000000
1786348800000,0.0000657700
1786377600000,0.0000723500
1786406400000,0.0001000000
1786435200000,0.0000731000
1786464000000,-0.0000053300
1786492800000,0.0001000000
1786521600000,-0.0000309100
1786550400000,-0.0000453800
1786579200000,-0.0000892800
1786608000000,0.0001000000
1786636800000,0.0000710500
1786665600000,0.0000955700
1786694400000,0.0000527100
1786723200000,0.0000929900
1786752000000,0.0000221300
1786780800000,0.0000159600
1786809600000,0.0000382000
1786838400000,0.0000567100
1786867200000,-0.0000985700
1786896000000,0.0000169300
1786924800000,0.0000273100
1786953600000,0.0001000000
1786982400000,-0.0000836200
1787011200000,-0.0000068500
1787040000000,-0.0003121100
1787068800000,-0.0002344900
1787097600000,-0.0001202300
1787126400000,0.0000095600
1787155200000,-0.0000646200
1787184000000,0.0001000000
1787212800000,0.0001000000
1787241600000,0.0001000000
1787270400000,0.0001000000
1787299200000,0.0001000000
1787328000000,0.0001000000
1787356800000,0.0001000000
1787385600000,0.0001000000
1787414400000,0.0001000000
1787443200000,0.0001000000
1787472000000,0.0001000000
1787500800000,0.0001000000
1787529600000,0.0001000000
1787558400000,0.0001000000
1787587200000,0.0000859600
1787616000000,0.0001000000
1787644800000,0.0001000000
1787673600000,0.0000083700
1787702400000,0.0000181800
1787731200000,0.0001000000
1787760000000,0.0001000000
1787788800000,0.0001000000
1787817600000,0.0001000000
1787846400000,0.0000528100
1787875200000,0.0001000000
1787904000000,-0.0000505500
1787932800000,-0.0000200000
1787961600000,-0.0001493600
1787990400000,-0.0000727000
1788019200000,-0.0000912700
1788048000000,-0.0000827200
1788076800000,0.0000180800
1788105600000,-0.0001570800
1788134400000,-0.0002106200
1788163200000,-0.0001371000
1788192000000,-0.0000707000
1788220800000,0.0000397300
1788249600000,0.0001000000
1788278400000,0.0001000000
1788307200000,0.0000189800
1788336000000,0.0001000000
1788364800000,-0.0000472100
1788393600000,0.0001000000
1788422400000,0.0001000000
1788451200000,0.0001000000
1788480000000,0.0001000000
1788508800000,0.0001000000
1788537600000,-0.0000387900
1788566400000,0.0000344800
1788595200000,0.0001000000
1788624000000,0.0001000000
1788652800000,0.0001000000
1788681600000,0.0001000000
1788710400000,0.0001000000
1788739200000,0.0001000000
1788768000000,0.0000969900
1788796800000,0.0001000000
1788825600000,0.0001000000
1788854400000,0.0001000000
1788883200000,0.0001000000
1788912000000,0.0000795700
1788940800000,0.0001000000
1788969600000,-0.0000780900
1788998400000,-0.0001489600
1789027200000,0.0000060700
